Morrowind Mod:File Format Conventions,,,
"The UESPWiki – Your source for The Elder Scrolls, in memory of Julian LeFay< Mod / Morrowind: Morrowind Mod: Modding: Mod File Format",,,
"Listed here are conventions used in describing Morrowind file formats. As much as possible, language-agnostic terminology is used.",,,
Contents,,,
1C (Count),,,
2Data Types,,,
C (Count),,,
"If multiple fields appear in fixed groups (e.g., MAST and DATA in TES3), the Count field will span all fields which appear together. If the field name is unindented, it will always appear if the top-most field appears; if it's indented, the field may not be present, even if the top-most field is. This is most often used for repeating sets of fields which represent subrecords within the main record (e.g., collections), but is also sometimes used singly when several fields are related and only appear together or not at all. The specifics of more complex situations will be described in the text of the record.",,,
Count,,,Usage
?,,,Unknown
+,,,Required
-,,,"Optional - note that in some cases, a field marked as optional is always present in the base game data, but may not be present in an ESP."
*,,,Repeating - variable amount (repeat count may be zero).
Data Types,,,
Type,Size,Description,
null/empty,0,"Field with no data, usually used as a marker or flag.",
int8,1,"8-bit value, signed.",
uint8,1,"8-bit value, unsigned.",
int16,2,"16-bit value, signed.",
uint16,2,"16-bit value, unsigned.",
int32,4,"32-bit value, signed.",
uint32,4,"32-bit value, unsigned.",
float32,4,"32-bit value, floating-point.",
rgb,4,"4 unsigned bytes, containing red, green, and blue values. The fourth byte is always zero.",
type[num],num*sizeof(type),Array of num types.,
zstring,??+1,"Zero terminated string.
Size is size of string text + 1 for string terminator.
Both this type and the 'string' type use Windows 1250 (Polish), 1251 (Russian), and 1252 (everything else) encodings. The specific encoding selected is not recorded in the plugin itself, but instead hardcoded in Morrowind's executable.",
string,??,"String which is not terminated, taking the full length of the field.",
struct,??,"Collection of other data types.
Used to group items that logically belong together (e.g., cell data). The structure format is included in the Info field as a series of indented lines (: type - description).
Structure size is listed below it in the format: (X bytes).",
Morrowind Mod:Mod File Format/ACTI,,,
"The UESPWiki – Your source for The Elder Scrolls, in memory of Julian LeFay< Mod / Morrowind: Morrowind Mod: Modding: Mod File Format",,,
ACTI records contain information about activators.,,,
C,Field,Type/Size,Info
+,NAME,zstring,ID
+,MODL,zstring,Model name
-,FNAM,zstring,Name
-,SCRI,zstring,Script name
Morrowind Mod:Mod File Format/AI Package Fields,,,
"The UESPWiki – Your source for The Elder Scrolls, in memory of Julian LeFay< Mod / Morrowind: Morrowind Mod: Modding: Mod File Format",,,
"This is a subpage for both NPCs and Creatures, since they both use the same format.",,,
C,Field,Type/Size,Info
"AI Packages - the following fields can appear in any order, one per AI package, with the order defining the package priority.
Note: duration parameters in all packages are in hours. Any value greater than 24 should be divided by 100, and set to 24 if still greater than 24. The unknown value for each package seems to be an end-of-data marker; it is always a byte value set to 1 with any remaining data in the structure undefined and ignored.",,,
*,AI_A,"struct
(33 bytes)","Activate package:
char[32] - Name
uint8 - Unknown (always 1)"
,AI_E,"struct
(48 bytes)","Escort package:
float32 - X
float32 - Y
float32 - Z
uint16 - Duration
char[32] - ID
uint8 - Unknown (always 1)
uint8 - Unused"
,CNDT,zstring,Cell escort string (optional)
,AI_F,"struct
(48 bytes)","Follow package:
float32 - X
float32 - Y
float32 - Z
uint16 - Duration
char[32] - ID
uint8 - Unknown (always 1)
uint8 - Unused"
,CNDT,zstring,Cell follow to string (optional)
,AI_T,"struct
(16 bytes)","Travel package:
float32 - X
float32 - Y
float32 - Z
uint8 - Unknown (always 1)
uint8[3] - Unused"
,AI_W,"struct
(14 bytes)","Wander package:
uint16 - Distance
uint16 - Duration
uint8 - Time of Day
uint8[8] - Idles
uint8 - Unknown (always 1)"
Morrowind Mod:Mod File Format/ALCH,,,
"The UESPWiki – Your source for The Elder Scrolls, in memory of Julian LeFay< Mod / Morrowind: Morrowind Mod: Modding: Mod File Format",,,
ALCH records contain information about alchemy items (potions and beverages).,,,
C,Field,Type/Size,Info
+,NAME,zstring,ID
-,MODL,zstring,Model name
-,TEXT,zstring,Inventory icon name
-,SCRI,zstring,Script name
-,FNAM,zstring,Name
-,ALDT,"struct
(12 bytes)","Alchemy data
float32 - Weight
uint32 - Value
uint32 - Flags
0x1 = Autocalc"
*,ENAM,"struct
(24 bytes)","Enchantments
uint16 - Effect index
int8 - Skill affected (-1 if not applicable)
int8 - Attribute affected (-1 if not applicable)
uint32 - Range
0 = Self
1 = Touch
2 = Target
uint32 - Area
uint32 - Duration
uint32 - Magnitude Min
uint32 - Magnitude Max"
Morrowind Mod:Mod File Format/APPA,,,
"The UESPWiki – Your source for The Elder Scrolls, in memory of Julian LeFay< Mod / Morrowind: Morrowind Mod: Modding: Mod File Format",,,
APPA records contain information about alchemy apparatus.,,,
C,Field,Type/Size,Info
+,NAME,zstring,ID
-,MODL,zstring,Model name
-,FNAM,zstring,Name
-,SCRI,zstring,Script name
-,AADT,"struct
(16 bytes)","Alchemy apparatus data
uint32 - Type
0 = Mortar and Pestle
1 = Alembic
2 = Calcinator
3 = Retort
float32 - Quality
float32 - Weight
uint32 - Value"
-,ITEX,zstring,Icon filename
Morrowind Mod:Mod File Format/ARMO,,,
"The UESPWiki – Your source for The Elder Scrolls, in memory of Julian LeFay< Mod / Morrowind: Morrowind Mod: Modding: Mod File Format",,,
ARMO records contain information about armor.,,,
C,Field,Type/Size,Info
+,NAME,zstring,ID
+,MODL,zstring,Model name
+,FNAM,zstring,Name
-,SCRI,zstring,Script name
+,AODT,"struct
(24 bytes)","Armor data
uint32 - Type
0 = Helmet
1 = Cuirass
2 = Left Pauldron
3 = Right Pauldron
4 = Greaves
5 = Boots
6 = Left Gauntlet
7 = Right Gauntlet
8 = Shield
9 = Left Bracer
10 = Right Bracer
float32 - Weight
uint32 - Value
uint32 - Health
uint32 - Enchantment Points
uint32 - Armor Rating"
-,ITEX,zstring,Icon filename
*,INDX,"uint8/uint32
(see note)","Biped object (Note: The only field size currently in use is a uint8, but the internal coding allows for a uint32 here, using only the lowest byte of it. This may be from an earlier file format that's no longer used.)
0 = Head
1 = Hair
2 = Neck
3 = Cuirass
4 = Groin
5 = Skirt
6 = Right Hand
7 = Left Hand
8 = Right Wrist
9 = Left Wrist
10 = Shield
11 = Right Forearm
12 = Left Forearm
13 = Right Upper Arm
14 = Left Upper Arm
15 = Right Foot
16 = Left Foot
17 = Right Ankle
18 = Left Ankle
19 = Right Knee
20 = Left Knee
21 = Right Upper Leg
22 = Left Upper Leg
23 = Right Pauldron
24 = Left Pauldron
25 = Weapon
26 = Tail"
,BNAM,string,"Male armor name (optional, but present in all base game files)"
,CNAM,string,"Female armor name (optional, male armor is used if not present)"
-,ENAM,zstring,Enchantment name
Morrowind Mod:Mod File Format/Biped Object Fields,,,
"The UESPWiki – Your source for The Elder Scrolls, in memory of Julian LeFay< Mod / Morrowind: Morrowind Mod: Modding: Mod File Format",,,
C,Field,Type/Size,Info
*,INDX,"uint8/uint32
(see note)","Biped object (Note: The only field size currently in use is a uint8, but the internal coding allows for a uint32 here, using only the lowest byte of it. This may be from an earlier file format that's no longer used.)
0 = Head
1 = Hair
2 = Neck
3 = Cuirass
4 = Groin
5 = Skirt
6 = Right Hand
7 = Left Hand
8 = Right Wrist
9 = Left Wrist
10 = Shield
11 = Right Forearm
12 = Left Forearm
13 = Right Upper Arm
14 = Left Upper Arm
15 = Right Foot
16 = Left Foot
17 = Right Ankle
18 = Left Ankle
19 = Right Knee
20 = Left Knee
21 = Right Upper Leg
22 = Left Upper Leg
23 = Right Pauldron
24 = Left Pauldron
25 = Weapon
26 = Tail"
,BNAM,string,"Male apparel name (optional, but present in all base game files)"
,CNAM,string,"Female apparel name (optional, male apparel is used if not present)"
Morrowind Mod:Mod File Format/Biped Object Fields,,,
"The UESPWiki – Your source for The Elder Scrolls, in memory of Julian LeFay< Mod / Morrowind: Morrowind Mod: Modding: Mod File Format",,,
C,Field,Type/Size,Info
*,INDX,"uint8/uint32
(see note)","Biped object (Note: The only field size currently in use is a uint8, but the internal coding allows for a uint32 here, using only the lowest byte of it. This may be from an earlier file format that's no longer used.)
0 = Head
1 = Hair
2 = Neck
3 = Cuirass
4 = Groin
5 = Skirt
6 = Right Hand
7 = Left Hand
8 = Right Wrist
9 = Left Wrist
10 = Shield
11 = Right Forearm
12 = Left Forearm
13 = Right Upper Arm
14 = Left Upper Arm
15 = Right Foot
16 = Left Foot
17 = Right Ankle
18 = Left Ankle
19 = Right Knee
20 = Left Knee
21 = Right Upper Leg
22 = Left Upper Leg
23 = Right Pauldron
24 = Left Pauldron
25 = Weapon
26 = Tail"
,BNAM,string,"Male apparel name (optional, but present in all base game files)"
,CNAM,string,"Female apparel name (optional, male apparel is used if not present)"
Morrowind Mod:Mod File Format/BODY,,,
BODY records contain information about body parts.,,,
,,,
C,Field,Type/Size,Info
+,NAME,zstring,ID string
+,MODL,zstring,NIF model file name
+,FNAM,zstring,Race
+,BYDT,"struct
(4 bytes)","Body Part Data
uint8 - Part (0 = Head, 1 = Hair, 2 = Neck, 3 = Chest, 4 = Groin, 5 = Hand, 6 = Wrist, 7 = Forearm, 8 = Upperarm, 9 = Foot, 10 = Ankle, 11 = Knee, 12 = Upperleg, 13 = Clavicle, 14 = Tail)
uint8 - Vampire
uint8 - Flags (1 = Female, 2 = Playable)
uint8 - PartType (0 = Skin, 1 = Clothing, 2 = Armor)"
,,,
Morrowind Mod:Mod File Format/BOOK,,,
"The UESPWiki – Your source for The Elder Scrolls, in memory of Julian LeFay< Mod / Morrowind: Morrowind Mod: Modding: Mod File Format",,,
BOOK records contain information about books.,,,
C,Field,Type/Size,Info
+,NAME,zstring,ID
+,MODL,zstring,Model name
-,FNAM,zstring,Name
+,BKDT,"struct
(20 bytes)","Book data
float32 - Weight
uint32 - Value
uint32 - Flags
0x1 = Scroll
int32 - Skill ID (for skill books; otherwise -1)
uint32 - Enchantment points"
-,SCRI,zstring,Script name
-,ITEX,zstring,Icon filename
-,TEXT,string,Text of the book
-,ENAM,zstring,"Enchantment name (i.e., scroll spell)"
Morrowind Mod:Mod File Format/BSGN,,,
"The UESPWiki – Your source for The Elder Scrolls, in memory of Julian LeFay< Mod / Morrowind: Morrowind Mod: Modding: Mod File Format",,,
BSGN records contain information about birthsigns.,,,
C,Field,Type/Size,Info
+,NAME,zstring,ID string
-,FNAM,zstring,Name
*,NPCS,char[32],SPEL - Spell ID
-,TNAM,zstring,Texture file name
-,DESC,zstring,Description
Morrowind Mod:Mod File Format/CELL,,,
"The UESPWiki – Your source for The Elder Scrolls, in memory of Julian LeFay< Mod / Morrowind: Morrowind Mod: Modding: Mod File Format",,,
CELL records contain information about cells (both interior and exterior).,,,
C,Field,Type/Size,Info
+,NAME,zstring,"Cell Name. Unlike other NAME fields, this is the localized, human-readable name of the cell, not a language-agnostic ID string. Exterior regions are mostly empty strings; for these, the region name is used in the Construction Set."
+,DATA,"struct
(12 bytes)","uint32 - Flags
0x01 = Interior
0x02 = Has Water
0x04 = Illegal to Sleep here
0x80 = Behave like exterior (Tribunal)
int32 - Grid X
int32 - Grid Y"
-,RGNN,zstring,Region name (exterior and like-exterior only)
-,NAM5,rgb,Map color (exterior and like-exterior only)
-,WHGT,float32,Water height (interior only)
-,AMBI,"struct
(16 bytes)","Ambient light
rgb - Ambient color
rgb - Sunlight color
rgb - Fog color
float - Fog density"
*,,Moved Reference[],Moved references
*,,Form Reference[],Persistent Children
-,NAM0,uint32,Count of Temporary Children
*,,Form Reference[],Temporary Children
Moved Reference,,,
These only appear in mod files when creatures or NPCs are moved from one cell to another; they commonly appear in saved game files as things move around.,,,
+,MVRF,uint32,Reference ID (always the same as the attached FRMR value)
-,CNAM,zstring,Name of the cell the reference was moved to (interior cells only)
-,CNDT,"struct
(8 bytes)","Coordinates of the cell the reference was moved to (exterior cells only)
int32 - Grid X
int32 - Grid Y"
-,,Form Reference,Reference to the form that was moved
Form Reference,,,
"References to objects in cells are listed as part of the cell data, each beginning with FRMR and NAME fields, followed by a list of fields specific to the object type.",,,
+,FRMR,uint32,Reference ID
+,NAME,zstring,"Object ID or ""PlayerSaveGame"""
-,UNAM,uint8,"Reference blocked (value is always 0; present if Blocked is set in the reference's record header, otherwise absent)"
-,XSCL,float32,"Reference's scale, if applicable and not 1.0"
-,ANAM,zstring,"NPC ID, if applicable (NPC-only)"
,BNAM,zstring,Global variable name
-,CNAM,zstring,"Faction ID (not light, NPC, or static)"
,INDX,uint32,Faction rank
-,XSOL,zstring,ID of soul in gem (soul gems only)
-,XCHG,float32,Enchantment charge (charged items with non-zero charges)
-,INTV,"depends on
object type","Remaining usage
uint32 - health remaining (weapons and armor)
uint32 - uses remaining (locks, probes, repair items)
float32 - time remaining (lights)"
-,NAM9,uint32,Value
*,DODT,"struct
(24 bytes)","Cell Travel Destination (Rotations are in radians)
float32 - Position X
float32 - Position Y
float32 - Position Z
float32 - Rotation X
float32 - Rotation Y
float32 - Rotation Z"
,DNAM,zstring,"Cell name for previous DODT, if interior"
-,FLTV,uint32,Lock difficulty
-,KNAM,zstring,Key name
-,TNAM,zstring,Trap name
-,ZNAM,uint8,"Reference is disabled (always 0). Like UNAM, this will be emitted if the relevant flag is set in the reference's record header. This may only be possible via scripting. Also, even if present in the file, the field appears to be ignored on loading."
-,DATA,"struct
(24 bytes)","Reference position (Rotations are in radians)
float32 - Position X
float32 - Position Y
float32 - Position Z
float32 - Rotation X
float32 - Rotation Y
float32 - Rotation Z"
Morrowind Mod:Mod File Format/CLAS,,,
"The UESPWiki – Your source for The Elder Scrolls, in memory of Julian LeFay< Mod / Morrowind: Morrowind Mod: Modding: Mod File Format",,,
CLAS records contain information about NPC and creature classes.,,,
C,Field,Type/Size,Info
+,NAME,zstring,"Class ID (usually the same as FNAM, but not always)"
+,FNAM,zstring,"Class name (PCs, NPCs)"
+,CLDT,"struct
(60 bytes)","Class data
uint32[2] - Primary Attributes
0 = Strength
1 = Intelligence
2 = Willpower
3 = Agility
4 = Speed
5 = Endurance
6 = Personality
7 = Luck
uint32 - Specialization
0 = Combat
1 = Magic
2 = Stealth
uint32[5][2] - 5 sets of alternating minor/major skills. Values can be found on the Skills page.
uint32 = Flags
1 = Playable
uint32 - Auto-calc Flags
0x00001 = Weapon
0x00002 = Armor
0x00004 = Clothing
0x00008 = Books
0x00010 = Ingredients
0x00020 = Picks
0x00040 = Probes
0x00080 = Lights
0x00100 = Apparatus
0x00200 = Repair Items
0x00400 = Misc
0x00800 = Spells
0x01000 = Magic Items
0x02000 = Potions
0x04000 = Training
0x08000 = Spellmaking
0x10000 = Enchanting
0x20000 = Repair"
-,DESC,string,Description
Morrowind Mod:Mod File Format/CLOT,,,
"The UESPWiki – Your source for The Elder Scrolls, in memory of Julian LeFay< Mod / Morrowind: Morrowind Mod: Modding: Mod File Format",,,
CLOT records contain information about clothing.,,,
C,Field,Type/Size,Info
+,NAME,zstring,ID
+,MODL,zstring,Model name
-,FNAM,zstring,Name
+,CTDT,"struct
(12 bytes)","Clothing data
uint32 - Type
0 = Pants
1 = Shoes
2 = Shirt
3 = Belt
4 = Robe
5 = Right Glove
6 = Left Glove
7 = Skirt
8 = Ring
9 = Amulet
float32 - Weight
uint16 - Value
uint16 - Enchantment Points"
-,SCRI,zstring,Script name
-,ITEX,zstring,Icon filename
*,INDX,"uint8/uint32
(see note)","Biped object (Note: The only field size currently in use is a uint8, but the internal coding allows for a uint32 here, using only the lowest byte of it. This may be from an earlier file format that's no longer used.)
0 = Head
1 = Hair
2 = Neck
3 = Cuirass
4 = Groin
5 = Skirt
6 = Right Hand
7 = Left Hand
8 = Right Wrist
9 = Left Wrist
10 = Shield
11 = Right Forearm
12 = Left Forearm
13 = Right Upper Arm
14 = Left Upper Arm
15 = Right Foot
16 = Left Foot
17 = Right Ankle
18 = Left Ankle
19 = Right Knee
20 = Left Knee
21 = Right Upper Leg
22 = Left Upper Leg
23 = Right Pauldron
24 = Left Pauldron
25 = Weapon
26 = Tail"
,BNAM,string,"Male clothing name (optional, but present in all base game files)"
,CNAM,string,"Female clothing name (optional, male clothing is used if not present)"
-,ENAM,zstring,Enchantment name
Morrowind Mod:Mod File Format/CONT,,,
"The UESPWiki – Your source for The Elder Scrolls, in memory of Julian LeFay< Mod / Morrowind: Morrowind Mod: Modding: Mod File Format",,,
CONT records contain information about containers.,,,
C,Field,Type/Size,Info
+,NAME,zstring,Container ID
+,MODL,zstring,NIF model file name
-,FNAM,zstring,Container name
+,CNDT,float32,Weight
+,FLAG,uint32,"Flags
0x1 = Organic
0x2 = Respawns (organic only)
0x8 = Unknown (always set)"
*,NPCO,"struct
(36 bytes)","Container object
int32 - Object count (negative counts are restocking)
char[32] - Object name"
-,SCRI,zstring,Script name
Morrowind Mod:Mod File Format/CREA,,,
"The UESPWiki – Your source for The Elder Scrolls, in memory of Julian LeFay< Mod / Morrowind: Morrowind Mod: Modding: Mod File Format",,,
CREA records contain information on creatures.,,,
C,Field,Type/Size,Info
+,NAME,zstring,ID string
+,MODL,zstring,NIF model
-,CNAM,zstring,Sound Gen Creature
-,FNAM,zstring,Name
-,SCRI,zstring,Script name
+,NPDT,"struct
(96 bytes)","Creature data
uint32 - Type
0 = Creature
1 = Daedra
2 = Undead
3 = Humanoid
uint32 - Level
uint32[8] - Attributes (in order of Attribute ID, as found on Morrowind:Attributes)
uint32 - Health
uint32 - SpellPts
uint32 - Fatigue
uint32 - Soul
uint32 - Combat
uint32 - Magic
uint32 - Stealth
uint32 - AttackMin1
uint32 - AttackMax1
uint32 - AttackMin2
uint32 - AttackMax2
uint32 - AttackMin3
uint32 - AttackMax3
uint32 - Gold"
+,FLAG,uint32,"Creature flags
0x0001 = Biped
0x0002 = Respawn
0x0004 = Weapon and shield
0x0008 = None
0x0010 = Swims
0x0020 = Flies
0x0040 = Walks
0x0048 = Default flags
0x0080 = Essential
0x0400 = Blood Type 1 (Dust)
0x0800 = Blood Type 2 (Sparks)
0x0C00 = Blood Type 3
0x1000 = Blood Type 4
0x1400 = Blood Type 5
0x1800 = Blood Type 6
0x1C00 = Blood Type 7
Blood is stored as a value from 0-7, shifted 10 bits in. The actual names, textures, and models for the blood are not hardcoded and are stored in Morrowind.ini. By default the game uses values of Red (0), Dust (1) and Sparks (2)."
-,XSCL,float32,Scale (1.0 if missing)
*,NPCO,"struct
(36 bytes)","Carried object
uint32 - Object count (negative counts are restocking)
char[32] - Object name"
*,NPCS,char[32],Spells
+,AIDT,"struct
(12 bytes)","AI data
uint8 Hello
uint8 Unknown
uint8 Fight
uint8 Flee
uint8 Alarm
[3]uint8 alignment padding (junk)
uint32 Flags
0x00001 = Weapon
0x00002 = Armor
0x00004 = Clothing
0x00008 = Books
0x00010 = Ingredient
0x00020 = Picks
0x00040 = Probes
0x00080 = Lights
0x00100 = Apparatus
0x00200 = Repair Items
0x00400 = Misc
0x00800 = Spells
0x01000 = Magic Items
0x02000 = Potions
0x04000 = Training
0x08000 = Spellmaking
0x10000 = Enchanting
0x20000 = Repair
Remaining bits appear to be filled with junk data"
*,DODT,"struct
(24 bytes)","Cell Travel Destination
float32 - Position X
float32 - Position Y
float32 - Position Z
float32 - Rotation X
float32 - Rotation Y
float32 - Rotation Z"
,DNAM,zstring,"Cell name for previous DODT, if interior"
"AI Packages - the following fields can appear in any order, one per AI package, with the order defining the package priority.
Note: duration parameters in all packages are in hours. Any value greater than 24 should be divided by 100, and set to 24 if still greater than 24. The unknown value for each package seems to be an end-of-data marker; it is always a byte value set to 1 with any remaining data in the structure undefined and ignored.",,,
*,AI_A,"struct
(33 bytes)","Activate package:
char[32] - Name
uint8 - Unknown (always 1)"
,AI_E,"struct
(48 bytes)","Escort package:
float32 - X
float32 - Y
float32 - Z
uint16 - Duration
char[32] - ID
uint8 - Unknown (always 1)
uint8 - Unused"
,CNDT,zstring,Cell escort string (optional)
,AI_F,"struct
(48 bytes)","Follow package:
float32 - X
float32 - Y
float32 - Z
uint16 - Duration
char[32] - ID
uint8 - Unknown (always 1)
uint8 - Unused"
,CNDT,zstring,Cell follow to string (optional)
,AI_T,"struct
(16 bytes)","Travel package:
float32 - X
float32 - Y
float32 - Z
uint8 - Unknown (always 1)
uint8[3] - Unused"
,AI_W,"struct
(14 bytes)","Wander package:
uint16 - Distance
uint16 - Duration
uint8 - Time of Day
uint8[8] - Idles
uint8 - Unknown (always 1)"
Morrowind Mod:Mod File Format/DIAL,,,
"The UESPWiki – Your source for The Elder Scrolls, in memory of Julian LeFay< Mod / Morrowind: Morrowind Mod: Modding: Mod File Format",,,
"DIAL records contain information on dialogue. Dialogue records are followed immediately by the INFO records (topics) that belong to it. Unlike later games, there is no concept of parent-child groups, so readers should simply read subsequent INFO records until they come to something that isn't an INFO record.",,,
C,Field,Type/Size,Info
+,NAME,zstring,ID
+,DATA,uint8,"Dialogue type
0 = Regular Topic
1 = Voice
2 = Greeting
3 = Persuasion
4 = Journal"
Morrowind Mod:Mod File Format/DOOR,,,
"The UESPWiki – Your source for The Elder Scrolls, in memory of Julian LeFay< Mod / Morrowind: Morrowind Mod: Modding: Mod File Format",,,
DOOR records contain information about doors.,,,
C,Field,Type/Size,Info
+,NAME,zstring,ID string
+,MODL,zstring,NIF model file name
-,FNAM,zstring,Door name
-,SCRI,zstring,Script name
-,SNAM,zstring,Sound name (open)
-,ANAM,zstring,Sound name (close)
Morrowind Mod:Mod File Format/ENAM Field,,,
"The UESPWiki – Your source for The Elder Scrolls, in memory of Julian LeFay< Mod / Morrowind: Morrowind Mod: Modding: Mod File Format",,,
C,Field,Type/Size,Info
*,ENAM,"struct
(24 bytes)","Enchantments
uint16 - Effect index
int8 - Skill affected (-1 if not applicable)
int8 - Attribute affected (-1 if not applicable)
uint32 - Range
0 = Self
1 = Touch
2 = Target
uint32 - Area
uint32 - Duration
uint32 - Magnitude Min
uint32 - Magnitude Max"
Morrowind Mod:Mod File Format/ENCH,,,
"The UESPWiki – Your source for The Elder Scrolls, in memory of Julian LeFay< Mod / Morrowind: Morrowind Mod: Modding: Mod File Format",,,
ENCH records contain information on enchantments.,,,
C,Field,Type/Size,Info
+,NAME,zstring,ID string
+,ENDT,"struct
(16 bytes)","Enchantment data
uint32 - Type
0 = Cast Once
1 = Cast Strikes
2 = Cast when Used
3 = Constant Effect
uint32 - Enchantment Cost
uint32 - Charge
uint32 - Flags
0x1 = Autocalc
Remaining bits appear to be filled with junk data"
*,ENAM,"struct
(24 bytes)","Enchantments
uint16 - Effect index
int8 - Skill affected (-1 if not applicable)
int8 - Attribute affected (-1 if not applicable)
uint32 - Range
0 = Self
1 = Touch
2 = Target
uint32 - Area
uint32 - Duration
uint32 - Magnitude Min
uint32 - Magnitude Max"
Morrowind Mod:Mod File Format/FACT,,,
"The UESPWiki – Your source for The Elder Scrolls, in memory of Julian LeFay< Mod / Morrowind: Morrowind Mod: Modding: Mod File Format",,,
FACT records contain information about factions.,,,
C,Field,Type/Size,Info
+,NAME,zstring,Faction ID string
+,FNAM,zstring,Faction name string
*,RNAM,zstring,"Rank Names - In practice, there are always 10 RNAM entries, but this is not a requirement."
+,FADT,"struct
(240 bytes)","Faction data
uint32[2] - Attributes
struct[10] - Rank data
uint32[2] - Attribute modifiers
uint32 - Primary skill modifier
uint32 - Favored skill modifier
uint32 - Faction reaction modifier
int32[7] - Skills - use Skill values found on Skills, ignoring any value of -1.
uint32 - Flags
1 = Hidden from Player"
*,ANAM,string,"Faction name string
An ANAM/INTV pair occurs for each faction with a reaction adjustment. Multiple entries with the same faction exist in some records, but only the first appears to be used by the game."
,INTV,int32,"Faction reaction value (normally -3 to +3; other values exist and are allowed in the CS, but reportedly may generate errors)"
Morrowind Mod:Mod File Format/GLOB,,,
"The UESPWiki – Your source for The Elder Scrolls, in memory of Julian LeFay< Mod / Morrowind: Morrowind Mod: Modding: Mod File Format",,,
GLOB records contain information on Global Variables. Global variables are used by scripts. Data in a global variable is required by multiple scripts.,,,
C,Field,Type/Size,Info
+,NAME,zstring,Name of the global variable.
+,FNAM,char,"Field type (s = short, l = long, f = float)"
+,FLTV,float32,"Value
All globals are stored as floats, regardless of their specified type. This creates issues with rounding and a loss of precision when using very large positive or negative long values. Be sure to convert the value to the specified type before using it. Integer values like zero are often stored as very small float values, rather than a true zero value."
Morrowind Mod:Mod File Format/GMST,,,
"The UESPWiki – Your source for The Elder Scrolls, in memory of Julian LeFay< Mod / Morrowind: Morrowind Mod: Modding: Mod File Format",,,
"GMST records contain game settings. Game settings are important values that will not change as the game is running. These store values such as the text that appears in the bartering menu, the rate at which magicka regenerates, or even werewolf damage multipliers.",,,
"Although there are a large number of hardcoded default settings in the game and Construction Set code, not all are used. For those that are, their values can be overwritten from within the Construction Set. There is no way to create new settings.",,,
C,Field,Type/Size,Info
+,NAME,string,"The name of the game setting. The value of the setting will normally be one of the fields below. It is possible for no value field to be present at all. In the base game files, this only occurs for empty strings, such as sKeyName_00, but for safety, it may be best to infer the type from the first letter of the name, and set the value to zero or an empty string, as appropriate."
-,FLTV,float32,Floating-point value
-,INTV,int32,Integer value
-,STRV,string,String value
Morrowind Mod:Mod File Format/GMST/List,,,
"The UESPWiki – Your source for The Elder Scrolls, in memory of Julian LeFay< Mod / Morrowind: Morrowind Mod: Modding: Mod File Format",,,
"For use with MWSE functions. (xGetGS, xGetGSString, xSetGSLong, xSetGSFloat, xSetGSString).",,,
#,ID,Type,Value
0,sMonthMorningstar,String,Morning Star
1,sMonthSunsdawn,String,Sun's Dawn
2,sMonthFirstseed,String,First Seed
3,sMonthRainshand,String,Rain's Hand
4,sMonthSecondseed,String,Second Seed
5,sMonthMidyear,String,Mid Year
6,sMonthSunsheight,String,Sun's Height
7,sMonthLastseed,String,Last Seed
8,sMonthHeartfire,String,Heartfire
9,sMonthFrostfall,String,Frost Fall
10,sMonthSunsdusk,String,Sun's Dusk
11,sMonthEveningstar,String,Evening Star
12,sSpecialization,String,Specialization
13,sSpecializationCombat,String,Combat
14,sSpecializationMagic,String,Magic
15,sSpecializationStealth,String,Stealth
16,sSkillClassMajor,String,Major Skills
17,sSkillClassMinor,String,Minor Skills
18,sSkillClassMisc,String,Misc Skills
19,sRacialTraits,String,Racial Traits
20,sHealthPerHourOfRest,String,Health per hour of rest
21,sHealthPerLevel,String,Health per level
22,sGoverningAttribute,String,Governing Attribute
23,sClass,String,Class
24,sTraits,String,Traits
25,sJournal,String,Journal
26,sOK,String,OK
27,sClose,String,Close
28,sPrev,String,Prev
29,sNext,String,Next
30,sTake,String,Take
31,sWeaponTab,String,Weapon
32,sApparelTab,String,Apparel
33,sMagicTab,String,Magic
34,sMiscTab,String,Misc
35,sWornTab,String,Worn
36,sAllTab,String,All
37,sAttack,String,Attack
38,sUses,String,Uses
39,sQuality,String,Quality
40,sCharges,String,Charge:
41,sArmorRating,String,Armor Rating
42,sSlash,String,Slash
43,sThrust,String,Thrust
44,sChop,String,Chop
45,sEncumbrance,String,Encumbrance
46,sCondition,String,Condition
47,sWeight,String,Weight
48,sValue,String,Value
49,sLight,String,Light
50,sMedium,String,Medium
51,sHeavy,String,Heavy
52,sCancel,String,Cancel
53,sTakeAll,String,Take All
54,sUntilHealed,String,Until Healed
55,sRest,String,Rest
56,sWait,String,Wait
57,sRestIllegal,String,Resting here is illegal. You'll need to find a bed.
58,sGold,String,Gold
59,sMove,String,Move
60,sTo,String,to
61,sActorInCombat,String,This character is in combat.
62,sArmor,String,Armor
63,sTopics,String,Topics
64,sService,String,Service
65,sPersuasion,String,Persuasion
66,sBye,String,Bye
67,sGoodbye,String,Goodbye
68,sYes,String,Yes
69,sNo,String,No
70,sOn,String,On
71,sOff,String,Off
72,sFull,String,Full
73,sWorld,String,World
74,sExpelled,String,EXPELLED
75,sExpelledMessage,String,You have been expelled from
76,sFavoriteSkills,String,Favorite Skills
77,sGame,String,Game
78,sVideo,String,Video
79,sAudio,String,Audio
80,sControls,String,Controls
81,sPrefs,String,Prefs
82,sPreferences,String,Preferences
83,sNewGame,String,New Game
84,sExitGame,String,Exit Game
85,sOptions,String,Options Menu
86,sSaveGame,String,Save Game
87,sLoadGame,String,Load Game
88,sDeleteGame,String,Delete Game
89,sSaveGameDenied,String,You cannot save your game right now.
90,sSaveGameFailed,String,An error was encountered while saving the game.
91,sSaveGameTooBig,String,There is not enough space to save this game. Free up at least %i blocks and try again.
92,sSaveGameNoMemory,String,Unable to create Save Game. Free up 100 blocks and try again.
93,sMaximumSaveGameMessage,String,You have reached the limit of Morrowind saved games. Please delete a Morrowind saved game and try again.
94,sRender_Distance,String,View Distance
95,sNear,String,Near
96,sFar,String,Far
97,sGamma_Correction,String,Gamma Correction
98,sLight_Gamma,String,Light
99,sDark_Gamma,String,Dark
100,sSeldom,String,Seldom
101,sAlways,String,Always
102,sWaterTerrainReflect,String,Reflect Terrain
103,sWaterReflectUpdate,String,Reflection Updating
104,fWaterReflectUpdateAlways,Float,0
105,fWaterReflectUpdateSeldom,Float,10
106,sMaster,String,Master
107,sVoice,String,Voice
108,sEffects,String,Effects
109,sFootsteps,String,Footsteps
110,sMusic,String,Music
111,sTransparency_Menu,String,Menu Transparency
112,sMenu_Help_Delay,String,Menu Help Delay
113,sAIDistance,String,AI Distance
114,sHigh,String,High
115,sLow,String,Low
116,sDetail_Level,String,Detail Level
117,sMenus,String,Menus
118,sStrip,String,Strip
119,sReturnToGame,String,Return To Game
120,sForward,String,Forward
121,sBack,String,Back
122,sLeft,String,Left
123,sRight,String,Right
124,sUse,String,Use
125,sActivate,String,Activate
126,sReady_Weapon,String,Ready Weapon
127,sReady_Magic,String,Ready Magic
128,sCrouch_Sneak,String,Sneak
129,sRun,String,Run
130,sAlways_Run,String,Always Run
131,sAuto_Run,String,Auto Run
132,sJump,String,Jump
133,sNextWeapon,String,Next Weapon
134,sPrevWeapon,String,Previous Weapon
135,sNextSpell,String,Next Spell
136,sPrevSpell,String,Previous Spell
137,sTogglePOVCmd,String,Toggle POV
138,sMenu_Mode,String,Menu Mode
139,sJournalCmd,String,Journal
140,sRestKey,String,Rest
141,sQuickMenu,String,Quick Menu
142,sQuick1Cmd,String,Quick 1
143,sQuick2Cmd,String,Quick 2
144,sQuick3Cmd,String,Quick 3
145,sQuick4Cmd,String,Quick 4
146,sQuick5Cmd,String,Quick 5
147,sQuick6Cmd,String,Quick 6
148,sQuick7Cmd,String,Quick 7
149,sQuick8Cmd,String,Quick 8
150,sQuick9Cmd,String,Quick 9
151,sQuick10Cmd,String,Quick 10
152,sQuickSaveCmd,String,Quick Save
153,sQuickLoadCmd,String,Quick Load
154,sKeyName_00,String,
155,sKeyName_01,String,ESC
156,sKeyName_02,String,1
157,sKeyName_03,String,2
158,sKeyName_04,String,3
159,sKeyName_05,String,4
160,sKeyName_06,String,5
161,sKeyName_07,String,6
162,sKeyName_08,String,7
163,sKeyName_09,String,8
164,sKeyName_0A,String,9
165,sKeyName_0B,String,0
166,sKeyName_0C,String,-
167,sKeyName_0D,String,=
168,sKeyName_0E,String,Back Space
169,sKeyName_0F,String,Tab
170,sKeyName_10,String,Q
171,sKeyName_11,String,W
172,sKeyName_12,String,E
173,sKeyName_13,String,R
174,sKeyName_14,String,T
175,sKeyName_15,String,Y
176,sKeyName_16,String,U
177,sKeyName_17,String,I
178,sKeyName_18,String,O
179,sKeyName_19,String,P
180,sKeyName_1A,String,[
181,sKeyName_1B,String,]
182,sKeyName_1C,String,Return
183,sKeyName_1D,String,Left Ctrl
184,sKeyName_1E,String,A
185,sKeyName_1F,String,S
186,sKeyName_20,String,D
187,sKeyName_21,String,F
188,sKeyName_22,String,G
189,sKeyName_23,String,H
190,sKeyName_24,String,J
191,sKeyName_25,String,K
192,sKeyName_26,String,L
193,sKeyName_27,String,;
194,sKeyName_28,String,'
195,sKeyName_29,String,Grave
196,sKeyName_2A,String,Left Shift
197,sKeyName_2B,String,\
198,sKeyName_2C,String,Z
199,sKeyName_2D,String,X
200,sKeyName_2E,String,C
201,sKeyName_2F,String,V
202,sKeyName_30,String,B
203,sKeyName_31,String,N
204,sKeyName_32,String,M
205,sKeyName_33,String,","
206,sKeyName_34,String,.
207,sKeyName_35,String,/
208,sKeyName_36,String,Right Shift
209,sKeyName_37,String,Numpad *
210,sKeyName_38,String,Left Alt
211,sKeyName_39,String,SPACEBAR
212,sKeyName_3A,String,Caps Lock
213,sKeyName_3B,String,F1
214,sKeyName_3C,String,F2
215,sKeyName_3D,String,F3
216,sKeyName_3E,String,F4
217,sKeyName_3F,String,F5
218,sKeyName_40,String,F6
219,sKeyName_41,String,F7
220,sKeyName_42,String,F8
221,sKeyName_43,String,F9
222,sKeyName_44,String,F10
223,sKeyName_45,String,Num Lock
224,sKeyName_46,String,Scroll Lock
225,sKeyName_47,String,Numpad 7
226,sKeyName_48,String,Numpad 8
227,sKeyName_49,String,Numpad 9
228,sKeyName_4A,String,Numpad -
229,sKeyName_4B,String,Numpad 4
230,sKeyName_4C,String,Numpad 5
231,sKeyName_4D,String,Numpad 6
232,sKeyName_4E,String,Numpad +
233,sKeyName_4F,String,Numpad 1
234,sKeyName_50,String,Numpad 2
235,sKeyName_51,String,Numpad 3
236,sKeyName_52,String,Numpad 0
237,sKeyName_53,String,Decimal
238,sKeyName_54,String,
239,sKeyName_55,String,
240,sKeyName_56,String,OEM 102
241,sKeyName_57,String,F11
242,sKeyName_58,String,F12
243,sKeyName_59,String,
244,sKeyName_5A,String,
245,sKeyName_5B,String,
246,sKeyName_5C,String,
247,sKeyName_5D,String,
248,sKeyName_5E,String,
249,sKeyName_5F,String,
250,sKeyName_60,String,
251,sKeyName_61,String,
252,sKeyName_62,String,
253,sKeyName_63,String,
254,sKeyName_64,String,F13
255,sKeyName_65,String,F14
256,sKeyName_66,String,F15
257,sKeyName_67,String,
258,sKeyName_68,String,
259,sKeyName_69,String,
260,sKeyName_6A,String,
261,sKeyName_6B,String,
262,sKeyName_6C,String,
263,sKeyName_6D,String,
264,sKeyName_6E,String,
265,sKeyName_6F,String,
266,sKeyName_70,String,Kana
267,sKeyName_71,String,
268,sKeyName_72,String,
269,sKeyName_73,String,Abnt C1
270,sKeyName_74,String,
271,sKeyName_75,String,
272,sKeyName_76,String,
273,sKeyName_77,String,
274,sKeyName_78,String,
275,sKeyName_79,String,Cnvrt
276,sKeyName_7A,String,
277,sKeyName_7B,String,No Cnvrt
278,sKeyName_7C,String,
279,sKeyName_7D,String,Yen
280,sKeyName_7E,String,Abnt C2
281,sKeyName_7F,String,
282,sKeyName_80,String,
283,sKeyName_81,String,
284,sKeyName_82,String,
285,sKeyName_83,String,
286,sKeyName_84,String,
287,sKeyName_85,String,
288,sKeyName_86,String,
289,sKeyName_87,String,
290,sKeyName_88,String,
291,sKeyName_89,String,
292,sKeyName_8A,String,
293,sKeyName_8B,String,
294,sKeyName_8C,String,
295,sKeyName_8D,String,Np Equals
296,sKeyName_8E,String,
297,sKeyName_8F,String,
298,sKeyName_90,String,PrvTrk
299,sKeyName_91,String,AT
300,sKeyName_92,String,:
301,sKeyName_93,String,_
302,sKeyName_94,String,Kanji
303,sKeyName_95,String,Stop
304,sKeyName_96,String,Ax
305,sKeyName_97,String,Unlabeled
306,sKeyName_98,String,
307,sKeyName_99,String,NxtTrk
308,sKeyName_9A,String,
309,sKeyName_9B,String,
310,sKeyName_9C,String,Right Enter
311,sKeyName_9D,String,Right Ctrl
312,sKeyName_9E,String,
313,sKeyName_9F,String,
314,sKeyName_A0,String,Mute
315,sKeyName_A1,String,Calc
316,sKeyName_A2,String,Play Pause
317,sKeyName_A3,String,
318,sKeyName_A4,String,Media Stop
319,sKeyName_A5,String,
320,sKeyName_A6,String,
321,sKeyName_A7,String,
322,sKeyName_A8,String,
323,sKeyName_A9,String,
324,sKeyName_AA,String,
325,sKeyName_AB,String,
326,sKeyName_AC,String,
327,sKeyName_AD,String,
328,sKeyName_AE,String,Volume Down
329,sKeyName_AF,String,
330,sKeyName_B0,String,Volume Up
331,sKeyName_B1,String,
332,sKeyName_B2,String,Web Home
333,sKeyName_B3,String,"Numpad ,"
334,sKeyName_B4,String,
335,sKeyName_B5,String,Numpad /
336,sKeyName_B6,String,
337,sKeyName_B7,String,SysRq
338,sKeyName_B8,String,Right Alt
339,sKeyName_B9,String,
340,sKeyName_BA,String,
341,sKeyName_BB,String,
342,sKeyName_BC,String,
343,sKeyName_BD,String,
344,sKeyName_BE,String,
345,sKeyName_BF,String,
346,sKeyName_C0,String,
347,sKeyName_C1,String,
348,sKeyName_C2,String,
349,sKeyName_C3,String,
350,sKeyName_C4,String,
351,sKeyName_C5,String,Pause
352,sKeyName_C6,String,
353,sKeyName_C7,String,Home
354,sKeyName_C8,String,Up
355,sKeyName_C9,String,Page Up
356,sKeyName_CA,String,
357,sKeyName_CB,String,Left
358,sKeyName_CC,String,
359,sKeyName_CD,String,Right
360,sKeyName_CE,String,
361,sKeyName_CF,String,End
362,sKeyName_D0,String,Down
363,sKeyName_D1,String,Page Down
364,sKeyName_D2,String,Insert
365,sKeyName_D3,String,Delete
366,sKeyName_D4,String,
367,sKeyName_D5,String,
368,sKeyName_D6,String,
369,sKeyName_D7,String,
370,sKeyName_D8,String,
371,sKeyName_D9,String,
372,sKeyName_DA,String,
373,sKeyName_DB,String,Left Win
374,sKeyName_DC,String,Right Win
375,sKeyName_DD,String,Apps
376,sKeyName_DE,String,Power
377,sKeyName_DF,String,Sleep
378,sKeyName_E0,String,
379,sKeyName_E1,String,
380,sKeyName_E2,String,
381,sKeyName_E3,String,Wake
382,sKeyName_E4,String,
383,sKeyName_E5,String,Web Search
384,sKeyName_E6,String,Web Favs
385,sKeyName_E7,String,Web Ref
386,sKeyName_E8,String,Web Stop
387,sKeyName_E9,String,Web Fwd
388,sKeyName_EA,String,Web Back
389,sKeyName_EB,String,My Comp
390,sKeyName_EC,String,
391,sKeyName_ED,String,
392,sKeyName_EE,String,
393,sKeyName_EF,String,
394,sKeyName_F0,String,
395,sKeyName_F1,String,
396,sKeyName_F2,String,
397,sKeyName_F3,String,
398,sKeyName_F4,String,
399,sKeyName_F5,String,
400,sKeyName_F6,String,
401,sKeyName_F7,String,
402,sKeyName_F8,String,
403,sKeyName_F9,String,
404,sKeyName_FA,String,
405,sKeyName_FB,String,
406,sKeyName_FC,String,
407,sKeyName_FD,String,
408,sKeyName_FE,String,
409,sKeyName_FF,String,
410,sForwardXbox,String,Move Forward
411,sBackXbox,String,Move Backward
412,sSlideLeftXbox,String,Slide Left
413,sSlideRightXbox,String,Slide Right
414,sMenuModeXbox,String,Menu Mode
415,sActivateXbox,String,Activate
416,sUseXbox,String,Use
417,sReadyItemXbox,String,Ready Item
418,sReadyMagicXbox,String,Ready Magic
419,sCrouchXbox,String,Sneak
420,sRunXbox,String,Run
421,sToggleRunXbox,String,Toggle Run
422,sJumpXbox,String,Jump
423,sTogglePOVXbox,String,Toggle View
424,sMenuNextXbox,String,Next Menu
425,sMenuPrevXbox,String,Previous Menu
426,sJournalXbox,String,Journal
427,sQuick4Xbox,String,sQuick4Xbox
428,sQuick5Xbox,String,sQuick5Xbox
429,sQuick6Xbox,String,sQuick6Xbox
430,sQuick7Xbox,String,sQuick7Xbox
431,sQuick8Xbox,String,sQuick8Xbox
432,sQuick9Xbox,String,sQuick9Xbox
433,sQuick0Xbox,String,sQuick0Xbox
434,sOptionsMenuXbox,String,Options Menu
435,sSystemMenuXbox,String,System Menu
436,sRestMenuXbox,String,Rest/Wait
437,sQuickSaveXbox,String,Quick Save
438,sQuickLoadXbox,String,Quick Load
439,sMoveUpXbox,String,Move Up
440,sMoveDownXbox,String,Move Down
441,sLookUpXbox,String,Look Up
442,sLookDownXbox,String,Look Down
443,sTurnLeftXbox,String,Turn Left
444,sTurnRightXbox,String,Turn Right
445,sNextWeaponXbox,String,Next Weapon
446,sPrevWeaponXbox,String,Previous Weapon
447,sNextSpellXbox,String,Next Spell
448,sPrevSpellXbox,String,Previous Spell
449,sDialogText1Xbox,String,PUSH
450,sDialogText2Xbox,String,TO GO BACK
451,sDialogText3Xbox,String,TO READ MORE
452,sQuick_Save,String,Auto-Save when Rest
453,sShadowText,String,Real-time Shadows
454,sLockSuccess,String,Lock pick success!
455,sLockFail,String,Lock pick failed.
456,sLockImpossible,String,Lock too complex.
457,sTrapSuccess,String,Trap disarmed!
458,sTrapFail,String,Disarm trap failed.
459,sTrapImpossible,String,"Trap too complex, your chance to disarm it is zero"
460,sTrapped,String,Trapped
461,sLockLevel,String,Lock Level
462,sKeyUsed,String,used to open lock
463,sUnlocked,String,Unlocked
464,fRepairMult,Float,1
465,fRepairAmountMult,Float,3
466,fSpellValueMult,Float,10
467,fSpellMakingValueMult,Float,7
468,fEnchantmentValueMult,Float,1000
469,fTravelMult,Float,4000
470,fTravelTimeMult,Float,16000
471,fMagesGuildTravel,Float,10
472,sBarter,String,Barter
473,sRepair,String,Repair
474,sSpells,String,Spells
475,sTraining,String,Training
476,sTravel,String,Travel
477,sSpellmaking,String,Spellmaking
478,sEnchanting,String,Enchanting
479,sJoystickNotFound,String,Joystick not found.
480,sJournalEntry,String,Your journal has been updated.
481,sDay,String,Day
482,sCreate,String,Create
483,sIngredients,String,Ingredients
484,sApparatus,String,Apparatus
485,sCreatedEffects,String,Created Effects
486,sOnetypeEffectMessage,String,This effect has already been added.
487,sName,String,Name
488,sNameTitle,String,Name
489,sSelect,String,Select
490,sBuy,String,Buy
491,sInfo,String,Info
492,sMagicEffects,String,Magic Effects
493,sOnce,String,Once
494,sCostCharge,String,Cost/Charge
495,sCostChance,String,Cost/Chance
496,sAttributesMenu1,String,Choose an Attribute
497,sBirthsignmenu1,String,Abilities:
498,sBirthsignmenu2,String,Spells:
499,sChooseClassMenu1,String,Specialization:
500,sChooseClassMenu2,String,Favorite Attributes:
501,sChooseClassMenu3,String,Major Skills:
502,sChooseClassMenu4,String,Minor Skills:
503,sCreateClassMenuWarning,String,Reselect your class?
504,sClassChoiceMenu1,String,Answer his questions (Generates Class)
505,sClassChoiceMenu2,String,Give him the info (Pick from Class List)
506,sClassChoiceMenu3,String,Fill out forms yourself (Create Custom Class)
507,sNotifyMessage1,String,You can only rest on solid ground.
508,sNotifyMessage2,String,You can't rest here enemies are nearby.
509,sNotifyMessage3,String,You cannot sleep when dreaming.
510,sNotifyMessage4,String,Saving...
511,sNotifyMessage4XBOX,String,Saving. Please don't turn off your Xbox console.
512,sNotifyMessage5,String,You must place the object you are holding into a container before exiting menus.
513,sNotifyMessage6,String,Only one of each ingredient can be used to make a potion.
514,sNotifyMessage6a,String,At least two ingredients are needed to make a potion.
515,sNotifyMessage7,String,Only four ingredients can be used in a potion.
516,sNotifyMessage8,String,Your potion failed.
517,sNotifyMessage9,String,Your offer is refused.
518,sNotifyMessage10,String,You have to name the spell before buying it.
519,sNotifyMessage11,String,You have to have an item to enchant.
520,sNotifyMessage12,String,You don't have enough gold to buy this spell.
521,sNotifyMessage13,String,Beast races cannot wear full helmets.
522,sNotifyMessage14,String,Beast races cannot wear boots.
523,sNotifyMessage15,String,Beast races cannot wear shoes.
524,sNotifyMessage16,String,You can only wear one clothing item at a time.
525,sNotifyMessage16_a,String,You can only equip one item of that type at a time.
526,sNotifyMessage17,String,You cannot train a skill above its governing attribute.
527,sNotifyMessage18,String,You don't have enough gold to buy this spell.
528,sNotifyMessage19,String,Only one apparatus can be placed in each slot of the alchemy menu.
529,sNotifyMessage20,String,Please remove the object already in the mortar and pestle slot.
530,sNotifyMessage21,String,Please remove the object already in the alembic slot.
531,sNotifyMessage22,String,Please remove the object already in the calcinator slot.
532,sNotifyMessage23,String,Please remove the object already in the retort slot.
533,sNotifyMessage24,String,You need to assign all the major and minor skill slots.
534,sNotifyMessage25,String,You need to pick two favorite attributes.
535,sNotifyMessage26,String,You need to pick a specialization.
536,sNotifyMessage27,String,You need to assign all the major and minor skill slots.
537,sNotifyMessage28,String,You can only add eight effects to a spell.
538,sNotifyMessage29,String,You cannot add more enchantment to an object then it can hold.
539,sNotifyMessage30,String,You have to add at least one effect to a spell.
540,sNotifyMessage31,String,Items already enchanted cannot have another enchantment added.
541,sNotifyMessage32,String,Only soul gems with a soul can be put in the soul gem slot.
542,sNotifyMessage33,String,Only soul gems put in the soul gem slot.
543,sNotifyMessage34,String,The enchantment failed and your gem is destroyed.
544,sNotifyMessage35,String,Only one apparatus item can be equipped at a time.
545,sNotifyMessage36,String,You have to distribute all you points before exiting.
546,sNotifyMessage37,String,You need to type in your name.
547,sNotifyMessage38,String,Skill Increase:
548,sNotifyMessage39,String,Your %s skill increased to %d.
549,sNotifyMessage40,String,Skill Maximum Reached.
550,sNotifyMessage41,String,Your %s skill has reached the limit of your %s.
551,sNotifyMessage42,String,You have been released after %d day.[CRLF]A skill has been affected by your time in prison.
552,sNotifyMessage43,String,You have been released after %d days.[CRLF]Your skills have been affected by your time in prison.
553,sNotifyMessage44,String,Your %s skill decreased to %d.
554,sNotifyMessage45,String,You need a Mortar and Pestle to use
555,sNotifyMessage46,String,You need a Alembic to use
556,sNotifyMessage47,String,You need a Calcinator to use
557,sNotifyMessage48,String,You need a Retort to use
558,sNotifyMessage49,String,That %s is mine.
559,sNotifyMessage50,String,%s has no effect on you.
560,sNotifyMessage51,String,The %s has been used up.
561,sNotifyMessage52,String,You must have a soul gem with a soul to make an Enchanted Item
562,sNotifyMessage53,String,Your menu sizes and positions have been saved for exploring mode.
563,sNotifyMessage54,String,Do you want to start a new game and lose your current game?
564,sNotifyMessage55,String,Please reconnect the controller and press START to continue.
565,sNotifyMessage56,String,There's a problem with the disc you're using. It may be dirty or damaged. [CRLF]Press A to continue.
566,sNotifyMessage57,String,Please press START to begin.
567,sNotifyMessage58,String,Your Xbox Hard Disk doesn't have enough free blocks to save games. [CRLF]Press A to continue without saving [CRLF]or B to free more blocks.
568,sNotifyMessage59,String,You are over-encumbered.
569,sNotifyMessage60,String,%s has been added to your inventory.
570,sNotifyMessage61,String,%d %s has been added to your inventory.
571,sNotifyMessage62,String,%s has been removed from your inventory.
572,sNotifyMessage63,String,%d %s has been removed from your inventory.
573,sNotifyMessage64,String,You can't sleep in someone else's bed!
574,sNotifyMessage65,String,You can't save a game with no name!
575,sNotifyMessage66,String,This will reset all controls to the default settings. Do you wish to continue?
576,sNotifyMessage67,String,This will immediately change your resolution. Do you want to continue?
577,sTeleportDisabled,String,Teleportation magic does not work here.
578,sLevitateDisabled,String,Levitation magic does not work here.
579,sInPrisonTitle,String,Serving time...
580,sInfoRefusal,String,Info Refusal
581,sAdmireSuccess,String,Admire Success
582,sAdmireFail,String,Admire Fail
583,sIntimidateSuccess,String,Intimidate Success
584,sIntimidateFail,String,Intimidate Fail
585,sTauntSuccess,String,Taunt Success
586,sTauntFail,String,Taunt Fail
587,sServiceRefusal,String,Service Refusal
588,sBribeSuccess,String,Bribe Success
589,sBribeFail,String,Bribe Fail
590,sWerewolfRefusal,String,You cannot do this as a werewolf.
591,sWerewolfPopup,String,Werewolf
592,sWerewolfRestMessage,String,You cannot rest in werewolf form.
593,sWerewolfAlarmMessage,String,You have been detected changing from a werewolf state.
594,sBookSkillMessage,String,You have gained knowledge from this book.
595,sLoadingMessage1,String,Loading Master/Plugin Files
596,sLoadingMessage2,String,Loading Interior
597,sLoadingMessage3,String,Loading Exterior
598,sLoadingMessage4,String,Initializing Data...
599,sLoadingMessage5,String,Parsing Quests...
600,sLoadingMessage9,String,Clearing Data...
601,sLoadingMessage14,String,Loading Save Game
602,sLoadingMessage15,String,Loading (%s)
603,sInvalidSaveGameMsg,String,This file is an invalid Save Game.
604,sInvalidSaveGameMsgXBOX,String,Unable to load saved game. Press A to continue.
605,sLoadingErrorsMsg,String,Errors were encountered loading from file '%s'.
606,sMissingMastersMsg,String,The currently selected master files and plugins do not match the ones used by this save game. Errors may occur during load or game play.[CRLF]Do you wish to continue?
607,sChangedMastersMsg,String,The selected master files and plugins may have changed since this save game was created. Errors may occur during load or game play.[CRLF]Do you wish to continue?
608,sMastPlugMismatchMsg,String,One of the files that %s is dependent on has changed since the last save.[CRLF]This may result in errors. Saving again will clear this message[CRLF]but not necessarily fix any errors.[CRLF]
609,sGeneralMastPlugMismatchMsg,String,One or more plugins could not find the correct versions of the master files they depend on. Errors may occur during load or game play. Check the Warnings.txt file for more information.
610,sLoadLastSaveMsg,String,The most recent Save Game is '%s'. [CRLF]Would you like to load it?
611,sMessage1,String,Do you want to Load a save game and lose your current game?
612,sMessage2,String,Quit Morrowind?
613,sMessage3,String,Are you sure you want to delete this Save Game?
614,sMessage4,String,Are you sure you want to overwrite this Save Game?
615,sMessage5,String,Do you wish to quit your current game? [CRLF]All unsaved progress will be lost.
616,sMessageQuestionAnswer1,String,Your personality and past reflect a:
617,sMessageQuestionAnswer2,String,Accept this Class
618,sMessageQuestionAnswer3,String,Choose Another Class
619,sBarterDialog1,String,You cannot afford this transaction.
620,sBarterDialog2,String,I cannot afford this transaction.
621,sBarterDialog3,String,This is to heavy for you to carry.
622,sBarterDialog4,String,I don't buy that item.
623,sBarterDialog5,String,"Thank you, Please Come Again."
624,sBarterDialog6,String,You need to place the bartered item before existing Barter Menu!
625,sBarterDialog7,String,Price
626,sBarterDialog8,String,Offer
627,sBarterDialog9,String,You cannot sell summoned items!
628,sBarterDialog10,String,You cannot buy summoned items!
629,sBarterDialog11,String,You need to trade items before making an offer.
630,sBarterDialog12,String,You cannot drop summoned items!
631,sInventoryMessage1,String,This object is broken and cannot be equipped until fixed.
632,sInventoryMessage2,String,You cannot repair items during battle.
633,sInventoryMessage3,String,You cannot make potions during battle.
634,sInventoryMessage4,String,You cannot read during battle.
635,sInventoryMessage5,String,You cannot use soul gems during battle.
636,sContentsMessage1,String,You cannot remove summoned items from their container.
637,sContentsMessage2,String,You cannot place items in this container.
638,sContentsMessage3,String,The item will not fit.
639,sAttributeListTitle,String,Attribute List
640,sConsoleTitle,String,Console
641,sCreateClassMenu1,String,Class Description
642,sCreateClassMenu2,String,Close the Description menu before leaving Class Creation
643,sCreateClassMenu3,String,The class needs a description.
644,sCreateClassMenuHelp1,String,You'll get +5 to all skills of your specialization. They'll also be easier to increase.
645,sCreateClassMenuHelp2,String,You'll get +10 to each of your favored attributes.
646,sControlsMenu1,String,Reset Controls
647,sControlsMenu2,String,Mouse Sensitivity
648,sControlsMenu3,String,Press a key or push a button to set this command.
649,sControlsMenu4,String,Vertical Sensitivity
650,sControlsMenu5,String,Horizontal Sensitivity
651,sControlsMenu6,String,Push a button to set this command.
652,sGameWithoutLauncherXbox,String,The game was started without the launcher. Press START to continue.
653,sDialogMenu1,String,Final Disposition:
654,sEnchantmentMenu1,String,Enchantment Menu
655,sEnchantmentMenu2,String,Enchantment Name
656,sEnchantmentMenu3,String,Enchantment
657,sEnchantmentMenu4,String,Point Cost
658,sEnchantmentMenu5,String,Buy
659,sEnchantmentMenu6,String,Chance
660,sEnchantmentMenu7,String,Please remove the current soul gem before placing a different soul gem.
661,sEnchantmentMenu8,String,You cannot buy a spell that has a zero point cost.
662,sEnchantmentMenu9,String,You cannot enchant more then one item of that type at a time.
663,sEnchantmentMenu10,String,The cast cost cannot exceed the charge amount put into the time
664,sEnchantmentMenu11,String,You must add at least one effect to an enchantment
665,sEnchantmentMenu12,String,You have successfully created an enchanted item
666,sEnchantmentHelp1,String,"Slot for item to enchant. Only weapons, armor, scrolls and clothing that are not already enchanted can be enchanted."
667,sEnchantmentHelp2,String,Slot for the soul gem used to enchant an item. Only soul gems filled with a soul can be used. The soul amount is the total charge placed into the item.
668,sEnchantmentHelp3,String,The first number is the total amount the enchantment would cost to cast. The second number is the total enchantment cost that can be placed on this type of item.
669,sEnchantmentHelp4,String,The amount of charge points needed each time this enchantment is cast. This number is modified by your enchant skill.
670,sEnchantmentHelp5,String,The amount of soul in the soul gem in the soul gem slot
671,sEnchantmentHelp6,String,Amount of gold to buy this enchantment
672,sEnchantmentHelp7,String,Type of cast for the enchantment.
673,sEnchantmentHelp8,String,Name you give the spell.
674,sEnchantmentHelp9,String,Magic effects you know that you can add to an item
675,sEnchantmentHelp10,String,Current effects on the item
676,sInputMenu1,String,Enter
677,sInventoryMenu1,String,You cannot equip items being bartered.
678,sLevelUpMenu1,String,You have ascended to Level
679,sLevelUpMenu2,String,"It's all suddenly obvious to you. You just have to concentrate. All the energy and time you've wasted is a sin, but without the experience you've gained, taking risks, taking responsibility for failure how could you have understood?"
680,sLevelUpMenu3,String,x2
681,sLevelUpMenu4,String,x3
682,sLevelUpMsg,String,You should rest and meditate on what you've learned.
683,sLevelUp,String,Level Up
684,sRange,String,Range
685,sArea,String,Area
686,sMagnitude,String,Magnitude
687,sDuration,String,Duration
688,sDrain,String,Drain
689,sAbsorb,String,Absorb
690,sFortify,String,Fortify
691,sRestore,String,Restore
692,sDamage,String,Damage
693,spoint,String,pt
694,spoints,String,pts
695,spercent,String,%
696,sfor,String,for
697,ssecond,String,sec
698,sseconds,String,secs
699,sin,String,in
700,sfootarea,String,ft
701,sfeet,String,ft
702,sXTimes,String,x
703,sXTimesINT,String,x INT
704,sonword,String,on
705,sNone,String,None
706,sDone,String,Done
707,sStartCell,String,Cavern of the Incarnate
708,sStartError,String,Cannot start in an empty interior cell!
709,sStartCellError,String,Starting interior cell Cavern of the Incarnate not found!
710,sAdmire,String,Admire
711,sIntimidate,String,Intimidate
712,sTaunt,String,Taunt
713,sBribe 10 Gold,String,Bribe 10 Gold
714,sBribe 100 Gold,String,Bribe 100 Gold
715,sBribe 1000 Gold,String,Bribe 1000 Gold
716,sPersuasionMenuTitle,String,Persuasion
717,sFast,String,Fast
718,sSlow,String,Slow
719,sBestAttack,String,Always Use Best Attack
720,sSubtitles,String,Subtitles
721,sMouseFlip,String,Invert Y Axis
722,sCursorOff,String,Crosshair
723,sEnableJoystick,String,Enable Joystick
724,sXStrafe,String,X-Axis Movement
725,sStrafe,String,Strafe
726,sTurn,String,Turn
727,sMouseWheelUpShort,String,MWheel Up
728,sMouseWheelDownShort,String,MWheel Down
729,sMouse,String,Mouse
730,sJoystickShort,String,Joy
731,sJoystickHatShort,String,JHat
732,sPickUp,String,Take
733,sItemName,String,Item Name
734,sNoName,String,NO NAME GIVEN!
735,sItem,String,Item
736,sRaceMenu1,String,Appearance
737,sRaceMenu2,String,Change Sex
738,sRaceMenu3,String,Change Face
739,sRaceMenu4,String,Change Hair
740,sRaceMenu5,String,Race
741,sRaceMenu6,String,Race Description
742,sRaceMenu7,String,Specials
743,sRestMenu1,String,How many hours?
744,sRestMenu2,String,Hours
745,sRestMenu3,String,REST
746,sRestMenu4,String,You can't rest right now.
747,fRestMagicMult,Float,0.15
748,sSaveMenu1,String,New Save Game
749,sServiceRepairTitle,String,Repair Service Menu
750,sServiceTravelTitle,String,Travel
751,sServiceTrainingTitle,String,Training
752,sServiceTrainingWords,String,I can teach nothing more about that skill
753,sServiceSpellsTitle,String,Spells
754,sSkillsMenu1,String,Choose a Skill
755,sBonusSkillTitle,String,Skill Bonus
756,sSpecializationMenu1,String,Choose a Specialization
757,sSpellmakingMenuTitle,String,Spellmaking
758,sSpellmakingMenu1,String,Spell Chance
759,sSpellmakingHelp1,String,Name you give the spell.
760,sSpellmakingHelp2,String,Amount of Magika one cast of the spell will cost
761,sSpellmakingHelp3,String,The chance you have to cast the spell at your current skill level
762,sSpellmakingHelp4,String,How much gold the spell will cost you.
763,sSpellmakingHelp5,String,Magic effects you know that you can add to a spell
764,sSpellmakingHelp6,String,Current effects on the spell
765,sKilledEssential,String,"With this character's death, the thread of prophecy is severed. Restore a saved game to restore the weave of fate, or persist in the doomed world you have created."
766,sCrimeMessage,String,Your crime has been reported!
767,sPotionSuccess,String,You created a potion
768,sMagicItem,String,Magic Items
769,sMagnitudeDes,String,The range of a spells power
770,sAreaDes,String,The radius the spell attempt to affect
771,sDurationDes,String,The length a spell lasts
772,sRangeDes,String,"What the spell is directed at such as yourself, a target or who you touch"
773,sCrimeHelp,String,"The penalty you must pay for your crimes, if caught."
774,sSoulGem,String,Soul
775,sCastCost,String,Cast Cost
776,sTravelServiceTitle,String,Select destination
777,sSpellServiceTitle,String,Select spell to buy
778,sRepairServiceTitle,String,Select item to repair
779,sTrainingServiceTitle,String,Select skill to train
780,sMortar,String,Mortar
781,sCalcinator,String,Calcinator
782,sAlembic,String,Alembic
783,sRetort,String,Retort
784,sQuestionMark,String,?
785,s3dAudio,String,3D Audio
786,s3dHardware,String,Hardware Accelerated
787,s3dSoftware,String,Software Mode
788,sYourGold,String,YOUR GOLD
789,sSellerGold,String,SELLER GOLD
790,sMaxSale,String,Max Sale
791,sTotalCost,String,TOTAL COST
792,sTotalSold,String,TOTAL SOLD
793,sOffer,String,Offer
794,sLess,String,Less
795,sMore,String,More
796,sInventory,String,Inventory
797,sBookPageOne,String,1
798,sBookPageTwo,String,2
799,sDisposeofCorpse,String,Dispose of Corpse
800,sCaughtStealingMessage,String,Hey he's stealing my stuff!
801,sUserDefinedClass,String,User Defined Class
802,sAsk,String,Ask
803,sEnchantItems,String,Items to Enchant
804,sSoulGemsWithSouls,String,Soul Gems with Souls
805,sDoYouWantTo,String,Do you want to
806,sRechargeEnchantment,String,Recharge Enchanted Item
807,sMake Enchantment,String,Make an Enchanted Item
808,sSell,String,Sell
809,sEquip,String,Equip
810,sDrop,String,Drop
811,sContainer,String,Container
812,sStats,String,Stats
813,sMap,String,Map
814,sCenter,String,Center
815,sSaveMenuHelp01,String,th of
816,sSaveMenuHelp02,String,month
817,sSaveMenuHelp03,String,day
818,sSaveMenuHelp04,String,a.m.
819,sSaveMenuHelp05,String,p.m.
820,sSaveMenuHelp06,String,Delete Game?
821,sDeleteNote,String,Delete Note?
822,sEditNote,String,Edit Note
823,sBlocks,String,Blocks
824,sFileSize,String,File Size
825,sSave,String,Save
826,sDeleteSpell,String,Delete Spell
827,sQuestionDeleteSpell,String,Are you sure you wish to delete %s?
828,sDeleteSpellError,String,You cannot delete this item from the Magic Menu
829,sLocal,String,Local
830,sLoadFailedMessage,String,Your last load failed. You must load another game or start a new game.
831,sShadows,String,Shadows
832,sControlerVibration,String,Controller Vibration
833,sQuanityMenuMessage01,String,Amount to Sell
834,sQuanityMenuMessage02,String,Amount to Buy
835,sSex,String,Sex
836,sHair,String,Hair
837,sFace,String,Face
838,sRepairFailed,String,Your repair failed!
839,sRepairSuccess,String,Your repair succeeded!
840,sHeal,String,Heal
841,sgp,String,gp
842,sSetValueMessage01,String,The maximum magnitude cannot be less then the minimum magnitude!
843,sDelete,String,Delete
844,sVideoWarning,String,Warning: Video Resolution does not allow shadows.
845,sResChangeWarning,String,Desired resolution not supported by video card.
846,sShift,String,Shift
847,sBackspace,String,Backspace
848,sCustomClassName,String,Adventurer
849,sSpace,String,Space
850,sInventorySelectNoItems,String,You have no items to fill this slot.
851,sInventorySelectNoSoul,String,You have no filled Soul Gems
852,sInventorySelectNoIngredients,String,You have no ingredients
853,sDisposeCorpseFail,String,You can not remove this corpse
854,sQuickMenuTitle,String,Quick Keys
855,sQuickMenuInstruc,String,"Click on quick key slot to add a spell, magic item or inventory item"
856,sQuickMenu1,String,Item to QuickKey
857,sQuickMenu2,String,Inventory Menu Item
858,sQuickMenu3,String,Magic Menu Item
859,sQuickMenu4,String,Delete QuickKey Item
860,sQuickMenu5,String,You no longer have
861,sQuickMenu6,String,Inventory Items to Quick key
862,sMagicSelectTitle,String,Select a magic to Quick key.
863,sNextRank,String,Next Rank:
864,sNeedOneSkill,String,Need one skill at
865,sNeedTwoSkills,String,Need two skills at
866,sand,String,and
867,sOneHanded,String,One Handed
868,sTwoHanded,String,Two Handed
869,sType,String,Type:
870,sAt,String,At
871,sUnequip,String,Unequip
872,sScrolldown,String,Scroll Down
873,sScrollup,String,Scroll Up
874,sSleepInterrupt,String,Your rest has been interrupted.
875,sSoultrapSuccess,String,Your have trapped a soul
876,sCantEquipWeapWarning,String,Finish your current attack before equipping a new weapon
877,sOfferMenuTitle,String,Offer Menu
878,sPowers,String,Powers
879,sBreath,String,Breath
880,sDifficulty,String,Difficulty
881,sEasy,String,Easy
882,sHard,String,Hard
883,sProfitValue,String,Profit Value
884,sCompanionShare,String,Companion Share
885,sCompanionWarningMessage,String,Your mercenary is poorer now than when he contracted with you. Your mercenary will quit if you do not give him gold or goods to bring his Profit Value to a positive value.
886,sCompanionWarningButtonOne,String,Let the mercenary quit.
887,sCompanionWarningButtonTwo,String,Return to Companion Share display.
888,sAttributeStrength,String,Strength
889,sAttributeIntelligence,String,Intelligence
890,sAttributeWillpower,String,Willpower
891,sAttributeAgility,String,Agility
892,sAttributeSpeed,String,Speed
893,sAttributeEndurance,String,Endurance
894,sAttributePersonality,String,Personality
895,sAttributeLuck,String,Luck
896,sSkillBlock,String,Block
897,sSkillArmorer,String,Armorer
898,sSkillMediumarmor,String,Medium Armor
899,sSkillHeavyarmor,String,Heavy Armor
900,sSkillBluntweapon,String,Blunt Weapon
901,sSkillLongblade,String,Long Blade
902,sSkillAxe,String,Axe
903,sSkillSpear,String,Spear
904,sSkillAthletics,String,Athletics
905,sSkillEnchant,String,Enchant
906,sSkillDestruction,String,Destruction
907,sSkillAlteration,String,Alteration
908,sSkillIllusion,String,Illusion
909,sSkillConjuration,String,Conjuration
910,sSkillMysticism,String,Mysticism
911,sSkillRestoration,String,Restoration
912,sSkillAlchemy,String,Alchemy
913,sSkillUnarmored,String,Unarmored
914,sSkillSecurity,String,Security
915,sSkillSneak,String,Sneak
916,sSkillAcrobatics,String,Acrobatics
917,sSkillLightarmor,String,Light Armor
918,sSkillShortblade,String,Short Blade
919,sSkillMarksman,String,Marksman
920,sSkillMercantile,String,Mercantile
921,sSkillSpeechcraft,String,Speechcraft
922,sSkillHandtohand,String,Hand-to-hand
923,sHealth,String,Health
924,sRace,String,Race
925,sLevel,String,Level
926,sLevels,String,Levels
927,sFaction,String,Faction
928,sBirthSign,String,Sign
929,sBounty,String,Bounty
930,sReputation,String,Reputation
931,sSchool,String,School
932,sSkill,String,Skill
933,sSkillProgress,String,Progress towards skill increase
934,sSkillMaxReached,String,Maximum proficiency has been reached.
935,sLevelProgress,String,Progress towards level increase
936,sMagic,String,Magicka
937,sMagicMenu,String,Magic
938,sFatigue,String,Fatigue
939,sSkillsMenuReputationHelp,String,Your fame rating in the world of Morrowind.
940,sStrDesc,String,"Affects your starting Health, how much you can carry, your maximum Fatigue, and how much damage you do in melee."
941,sIntDesc,String,Determines your maximum amount of Magicka.
942,sWilDesc,String,"Affects your ability to resist magic, and your maximum Fatigue."
943,sAgiDesc,String,Affects your ability to dodge and hit targets in melee as well as your maximum Fatigue.
944,sSpdDesc,String,Determines how fast you can move.
945,sEndDesc,String,"Affects your starting Health, your Health gain per level, and your maximum Fatigue."
946,sPerDesc,String,Affects your ability to deal with other characters and how much they like you.
947,sLucDesc,String,Affects every action you do in a small way.
948,sFatDesc,String,How tired you are. Low fatigue makes it harder to successfully perform actions.
949,sHealthDesc,String,The amount of damage you can take before you die. Increases every time you gain a level.
950,sMagDesc,String,Used to cast spells. Magicka is naturally restored by resting.
951,fWortChanceValue,Float,15
952,sDefaultCellname,String,Wilderness
953,fMinWalkSpeed,Float,100
954,fMaxWalkSpeed,Float,200
955,fMinWalkSpeedCreature,Float,5
956,fMaxWalkSpeedCreature,Float,300
957,fEncumberedMoveEffect,Float,0.3
958,fBaseRunMultiplier,Float,1.75
959,fAthleticsRunBonus,Float,1
960,fJumpAcrobaticsBase,Float,128
961,fJumpAcroMultiplier,Float,4
962,fJumpEncumbranceBase,Float,0.5
963,fJumpEncumbranceMultiplier,Float,1
964,fJumpRunMultiplier,Float,1
965,fJumpMoveBase,Float,0.5
966,fJumpMoveMult,Float,0.5
967,fSwimWalkBase,Float,0.5
968,fSwimRunBase,Float,0.5
969,fSwimWalkAthleticsMult,Float,0.02
970,fSwimRunAthleticsMult,Float,0.1
971,fSwimHeightScale,Float,0.9
972,fHoldBreathTime,Float,20
973,fHoldBreathEndMult,Float,0.5
974,fSuffocationDamage,Float,3
975,fMinFlySpeed,Float,5
976,fMaxFlySpeed,Float,300
977,fStromWindSpeed,Float,0.7
978,fStromWalkMult,Float,0.25
979,fFallDamageDistanceMin,Float,400
980,fFallDistanceBase,Float,0
981,fFallDistanceMult,Float,0.07
982,fFallAcroBase,Float,0.25
983,fFallAcroMult,Float,0.01
984,iMaxActivateDist,Integer,192
985,iMaxInfoDist,Integer,192
986,fVanityDelay,Float,30
987,fMaxHeadTrackDistance,Float,400
988,fInteriorHeadTrackMult,Float,0.5
989,iHelmWeight,Integer,5
990,iPauldronWeight,Integer,10
991,iCuirassWeight,Integer,30
992,iGauntletWeight,Integer,5
993,iGreavesWeight,Integer,15
994,iBootsWeight,Integer,20
995,iShieldWeight,Integer,15
996,fLightMaxMod,Float,0.6
997,fMedMaxMod,Float,0.9
998,fUnarmoredBase1,Float,0.1
999,fUnarmoredBase2,Float,0.065
1000,iBaseArmorSkill,Integer,30
1001,fBlockStillBonus,Float,1.25
1002,fDamageStrengthBase,Float,0.5
1003,fDamageStrengthMult,Float,0.1
1004,fSwingBlockBase,Float,1
1005,fSwingBlockMult,Float,1
1006,fFatigueBase,Float,1.25
1007,fFatigueMult,Float,0.5
1008,fFatigueReturnBase,Float,2.5
1009,fFatigueReturnMult,Float,0.02
1010,fEndFatigueMult,Float,0.04
1011,fFatigueAttackBase,Float,2
1012,fFatigueAttackMult,Float,0
1013,fWeaponFatigueMult,Float,0.25
1014,fFatigueBlockBase,Float,4
1015,fFatigueBlockMult,Float,0
1016,fWeaponFatigueBlockMult,Float,1
1017,fFatigueRunBase,Float,5
1018,fFatigueRunMult,Float,2
1019,fFatigueJumpBase,Float,5
1020,fFatigueJumpMult,Float,0
1021,fFatigueSwimWalkBase,Float,2.5
1022,fFatigueSwimRunBase,Float,7
1023,fFatigueSwimWalkMult,Float,0
1024,fFatigueSwimRunMult,Float,0
1025,fFatigueSneakBase,Float,1.5
1026,fFatigueSneakMult,Float,1.5
1027,fMinHandToHandMult,Float,0.1
1028,fMaxHandToHandMult,Float,0.5
1029,fHandtoHandHealthPer,Float,0.1
1030,fCombatInvisoMult,Float,0.2
1031,fCombatKODamageMult,Float,1.5
1032,fCombatCriticalStrikeMult,Float,4
1033,iBlockMinChance,Integer,10
1034,iBlockMaxChance,Integer,50
1035,fLevelUpHealthEndMult,Float,0.1
1036,fSoulGemMult,Float,3
1037,fEffectCostMult,Float,0.5
1038,fSpellPriceMult,Float,2
1039,fFatigueSpellBase,Float,0
1040,fFatigueSpellMult,Float,0
1041,fFatigueSpellCostMult,Float,0
1042,fPotionStrengthMult,Float,0.5
1043,fPotionT1MagMult,Float,1.5
1044,fPotionT1DurMult,Float,0.5
1045,fPotionMinUsefulDuration,Float,20
1046,fPotionT4BaseStrengthMult,Float,20
1047,fPotionT4EquipStrengthMult,Float,12
1048,fIngredientMult,Float,1
1049,fMagicItemCostMult,Float,1
1050,fMagicItemPriceMult,Float,1
1051,fMagicItemOnceMult,Float,1
1052,fMagicItemUsedMult,Float,1
1053,fMagicItemStrikeMult,Float,1
1054,fMagicItemConstantMult,Float,1
1055,fEnchantmentMult,Float,0.1
1056,fEnchantmentChanceMult,Float,3
1057,fPCbaseMagickaMult,Float,1
1058,fNPCbaseMagickaMult,Float,2
1059,fAutoSpellChance,Float,80
1060,fAutoPCSpellChance,Float,50
1061,iAutoSpellTimesCanCast,Integer,3
1062,iAutoSpellAttSkillMin,Integer,70
1063,iAutoSpellAlterationMax,Integer,5
1064,iAutoSpellConjurationMax,Integer,2
1065,iAutoSpellDestructionMax,Integer,5
1066,iAutoSpellIllusionMax,Integer,5
1067,iAutoSpellMysticismMax,Integer,5
1068,iAutoSpellRestorationMax,Integer,5
1069,iAutoPCSpellMax,Integer,100
1070,iAutoRepFacMod,Integer,2
1071,iAutoRepLevMod,Integer,0
1072,iMagicItemChargeOnce,Integer,1
1073,iMagicItemChargeConst,Integer,10
1074,iMagicItemChargeUse,Integer,5
1075,iMagicItemChargeStrike,Integer,10
1076,iMonthsToRespawn,Integer,4
1077,fCorpseClearDelay,Float,72
1078,fCorpseRespawnDelay,Float,72
1079,fBarterGoldResetDelay,Float,24
1080,fEncumbranceStrMult,Float,5
1081,fPickLockMult,Float,-1
1082,fTrapCostMult,Float,0
1083,fMessageTimePerChar,Float,0.1
1084,fMagicItemRechargePerSecond,Float,0.05
1085,i1stPersonSneakDelta,Integer,10
1086,iBarterSuccessDisposition,Integer,1
1087,iBarterFailDisposition,Integer,-1
1088,iLevelupTotal,Integer,10
1089,iLevelupMajorMult,Integer,1
1090,iLevelupMinorMult,Integer,1
1091,iLevelupMajorMultAttribute,Integer,1
1092,iLevelupMinorMultAttribute,Integer,1
1093,iLevelupMiscMultAttriubte,Integer,1
1094,iLevelupSpecialization,Integer,1
1095,iLevelUp01Mult,Integer,2
1096,iLevelUp02Mult,Integer,2
1097,iLevelUp03Mult,Integer,2
1098,iLevelUp04Mult,Integer,2
1099,iLevelUp05Mult,Integer,3
1100,iLevelUp06Mult,Integer,3
1101,iLevelUp07Mult,Integer,3
1102,iLevelUp08Mult,Integer,4
1103,iLevelUp09Mult,Integer,4
1104,iLevelUp10Mult,Integer,5
1105,iSoulAmountForConstantEffect,Integer,400
1106,fConstantEffectMult,Float,15
1107,fEnchantmentConstantDurationMult,Float,100
1108,fEnchantmentConstantChanceMult,Float,0.5
1109,fWeaponDamageMult,Float,0.1
1110,fSeriousWoundMult,Float,0
1111,fKnockDownMult,Float,0.5
1112,iKnockDownOddsBase,Integer,50
1113,iKnockDownOddsMult,Integer,50
1114,fCombatArmorMinMult,Float,0.25
1115,fHandToHandReach,Float,1
1116,fVoiceIdleOdds,Float,10
1117,iVoiceAttackOdds,Integer,10
1118,iVoiceHitOdds,Integer,30
1119,fProjectileMinSpeed,Float,400
1120,fProjectileMaxSpeed,Float,3000
1121,fThrownWeaponMinSpeed,Float,300
1122,fThrownWeaponMaxSpeed,Float,1000
1123,fTargetSpellMaxSpeed,Float,1000
1124,fProjectileThrownStoreChance,Float,25
1125,iPickMinChance,Integer,5
1126,iPickMaxChance,Integer,75
1127,fDispRaceMod,Float,5
1128,fDispPersonalityMult,Float,0.5
1129,fDispPersonalityBase,Float,50
1130,fDispFactionMod,Float,3
1131,fDispFactionRankBase,Float,1
1132,fDispFactionRankMult,Float,0.5
1133,fDispCrimeMod,Float,0
1134,fDispDiseaseMod,Float,-10
1135,iDispAttackMod,Integer,-50
1136,fDispWeaponDrawn,Float,-5
1137,fDispBargainSuccessMod,Float,1
1138,fDispBargainFailMod,Float,-1
1139,fDispPickPocketMod,Float,-25
1140,iDaysinPrisonMod,Integer,100
1141,fDispAttacking,Float,-10
1142,fDispStealing,Float,-0.5
1143,iDispTresspass,Integer,-20
1144,iDispKilling,Integer,-50
1145,iTrainingMod,Integer,10
1146,iAlchemyMod,Integer,2
1147,fBargainOfferBase,Float,50
1148,fBargainOfferMulti,Float,-4
1149,fDispositionMod,Float,1
1150,fPersonalityMod,Float,5
1151,fLuckMod,Float,10
1152,fReputationMod,Float,1
1153,fLevelMod,Float,5
1154,fBribe10Mod,Float,35
1155,fBribe100Mod,Float,75
1156,fBribe1000Mod,Float,150
1157,fPerDieRollMult,Float,0.3
1158,fPerTempMult,Float,1
1159,iPerMinChance,Integer,5
1160,iPerMinChange,Integer,10
1161,fSpecialSkillBonus,Float,0.8
1162,fMajorSkillBonus,Float,0.75
1163,fMinorSkillBonus,Float,1
1164,fMiscSkillBonus,Float,1.25
1165,iAlarmKilling,Integer,90
1166,iAlarmAttack,Integer,50
1167,iAlarmStealing,Integer,1
1168,iAlarmPickPocket,Integer,20
1169,iAlarmTresspass,Integer,5
1170,fAlarmRadius,Float,2000
1171,iCrimeKilling,Integer,1000
1172,iCrimeAttack,Integer,40
1173,fCrimeStealing,Float,1
1174,iCrimePickPocket,Integer,25
1175,iCrimeTresspass,Integer,5
1176,iCrimeThreshold,Integer,1000
1177,iCrimeThresholdMultiplier,Integer,10
1178,fCrimeGoldDiscountMult,Float,0.5
1179,fCrimeGoldTurnInMult,Float,0.9
1180,iFightAttack,Integer,100
1181,iFightAttacking,Integer,50
1182,iFightDistanceBase,Integer,20
1183,fFightDistanceMultiplier,Float,0.005
1184,iFightAlarmMult,Integer,1
1185,fFightDispMult,Float,0.2
1186,fFightStealing,Float,50
1187,iFightPickpocket,Integer,25
1188,iFightTrespass,Integer,25
1189,iFightKilling,Integer,50
1190,iFlee,Integer,0
1191,iGreetDistanceMultiplier,Integer,6
1192,iGreetDuration,Integer,4
1193,fGreetDistanceReset,Float,512
1194,fIdleChanceMultiplier,Float,0.75
1195,fSneakUseDist,Float,500
1196,fSneakUseDelay,Float,1
1197,fSneakDistanceBase,Float,0.5
1198,fSneakDistanceMultiplier,Float,0.002
1199,fSneakSpeedMultiplier,Float,0.75
1200,fSneakViewMult,Float,1.5
1201,fSneakNoViewMult,Float,0.5
1202,fSneakSkillMult,Float,1
1203,fSneakBootMult,Float,-1
1204,fCombatDistance,Float,128
1205,fCombatAngleXY,Float,60
1206,fCombatAngleZ,Float,60
1207,fCombatForceSideAngle,Float,30
1208,fCombatTorsoSideAngle,Float,45
1209,fCombatTorsoStartPercent,Float,0.3
1210,fCombatTorsoStopPercent,Float,0.8
1211,fCombatBlockLeftAngle,Float,-90
1212,fCombatBlockRightAngle,Float,30
1213,fCombatDelayCreature,Float,0.1
1214,fCombatDelayNPC,Float,0.1
1215,sTargetCriticalStrike,String,Critical Damage!
1216,fAIMeleeWeaponMult,Float,2
1217,fAIRangeMeleeWeaponMult,Float,5
1218,fAIMagicSpellMult,Float,3
1219,fAIRangeMagicSpellMult,Float,5
1220,fAIMeleeArmorMult,Float,1
1221,fAIMeleeSummWeaponMult,Float,1
1222,fAIFleeHealthMult,Float,7
1223,fAIFleeFleeMult,Float,0.3
1224,fPickPocketMod,Float,0.3
1225,fSleepRandMod,Float,0.25
1226,fSleepRestMod,Float,0.3
1227,iNumberCreatures,Integer,1
1228,fAudioDefaultMinDistance,Float,5
1229,fAudioDefaultMaxDistance,Float,40
1230,fAudioVoiceDefaultMinDistance,Float,10
1231,fAudioVoiceDefaultMaxDistance,Float,60
1232,fAudioMinDistanceMult,Float,20
1233,fAudioMaxDistanceMult,Float,50
1234,fNPCHealthBarTime,Float,3
1235,fNPCHealthBarFade,Float,0.5
1236,fDifficultyMult,Float,5
1237,fWereWolfRunMult,Float,1.5
1238,fWereWolfSilverWeaponDamageMult,Float,1.5
1239,iWereWolfBounty,Integer,10000
1240,fWereWolfStrength,Float,150
1241,fWereWolfAgility,Float,150
1242,fWereWolfEndurance,Float,150
1243,fWereWolfSpeed,Float,150
1244,fWereWolfHandtoHand,Float,100
1245,fWereWolfUnarmored,Float,100
1246,iWereWolfLevelToAttack,Integer,20
1247,iWereWolfFightMod,Integer,100
1248,iWereWolfFleeMod,Integer,100
1249,fWereWolfAthletics,Float,150
1250,fWereWolfAcrobatics,Float,150
1251,fWereWolfHealth,Float,2
1252,fWereWolfFatigue,Float,400
1253,fWereWolfMagicka,Float,100
1254,fWereWolfIntellegence,Float,1
1255,fWereWolfWillPower,Float,1
1256,fWereWolfPersonality,Float,1
1257,fWereWolfLuck,Float,1
1258,fWereWolfBlock,Float,1
1259,fWereWolfArmorer,Float,1
1260,fWereWolfMediumArmor,Float,1
1261,fWereWolfHeavyArmor,Float,1
1262,fWereWolfBluntWeapon,Float,1
1263,fWereWolfLongBlade,Float,1
1264,fWereWolfAxe,Float,1
1265,fWereWolfSpear,Float,1
1266,fWereWolfDestruction,Float,1
1267,fWereWolfAlteration,Float,1
1268,fWereWolfIllusion,Float,1
1269,fWereWolfConjuration,Float,1
1270,fWereWolfMysticism,Float,1
1271,fWereWolfRestoration,Float,1
1272,fWereWolfEnchant,Float,1
1273,fWereWolfAlchemy,Float,1
1274,fWereWolfSecurity,Float,1
1275,fWereWolfSneak,Float,1
1276,fWereWolfLightArmor,Float,1
1277,fWereWolfShortBlade,Float,1
1278,fWereWolfMarksman,Float,1
1279,fWereWolfMerchantile,Float,1
1280,fWereWolfSpeechcraft,Float,1
1281,fCombatDistanceWerewolfMod,Float,0.3
1282,fFleeDistance,Float,3000
1283,sEffectWaterBreathing,String,Water Breathing
1284,sEffectSwiftSwim,String,Swift Swim
1285,sEffectWaterWalking,String,Water Walking
1286,sEffectShield,String,Shield
1287,sEffectFireShield,String,Fire Shield
1288,sEffectLightningShield,String,Lightning Shield
1289,sEffectFrostShield,String,Frost Shield
1290,sEffectBurden,String,Burden
1291,sEffectFeather,String,Feather
1292,sEffectJump,String,Jump
1293,sEffectLevitate,String,Levitate
1294,sEffectSlowFall,String,SlowFall
1295,sEffectLock,String,Lock
1296,sEffectOpen,String,Open
1297,sEffectFireDamage,String,Fire Damage
1298,sEffectShockDamage,String,Shock Damage
1299,sEffectFrostDamage,String,Frost Damage
1300,sEffectDrainAttribute,String,Drain Attribute
1301,sEffectDrainHealth,String,Drain Health
1302,sEffectDrainSpellpoints,String,Drain Magicka
1303,sEffectDrainFatigue,String,Drain Fatigue
1304,sEffectDrainSkill,String,Drain Skill
1305,sEffectDamageAttribute,String,Damage Attribute
1306,sEffectDamageHealth,String,Damage Health
1307,sEffectDamageMagicka,String,Damage Magicka
1308,sEffectDamageFatigue,String,Damage Fatigue
1309,sEffectDamageSkill,String,Damage Skill
1310,sEffectPoison,String,Poison
1311,sEffectWeaknessToFire,String,Weakness to Fire
1312,sEffectWeaknessToFrost,String,Weakness to Frost
1313,sEffectWeaknessToShock,String,Weakness to Shock
1314,sEffectWeaknessToMagicka,String,Weakness to Magicka
1315,sEffectWeaknessToCommonDisease,String,Weakness to Common Disease
1316,sEffectWeaknessToBlightDisease,String,Weakness to Blight Disease
1317,sEffectWeaknessToCorprusDisease,String,Weakness to Corprus Disease
1318,sEffectWeaknessToPoison,String,Weakness to Poison
1319,sEffectWeaknessToNormalWeapons,String,Weakness to Normal Weapons
1320,sEffectDisintegrateWeapon,String,Disintegrate Weapon
1321,sEffectDisintegrateArmor,String,Disintegrate Armor
1322,sEffectInvisibility,String,Invisibility
1323,sEffectChameleon,String,Chameleon
1324,sEffectLight,String,Light
1325,sEffectSanctuary,String,Sanctuary
1326,sEffectNightEye,String,Night Eye
1327,sEffectCharm,String,Charm
1328,sEffectParalyze,String,Paralyze
1329,sEffectSilence,String,Silence
1330,sEffectBlind,String,Blind
1331,sEffectSound,String,Sound
1332,sEffectCalmHumanoid,String,Calm Humanoid
1333,sEffectCalmCreature,String,Calm Creature
1334,sEffectFrenzyHumanoid,String,Frenzy Humanoid
1335,sEffectFrenzyCreature,String,Frenzy Creature
1336,sEffectDemoralizeHumanoid,String,Demoralize Humanoid
1337,sEffectDemoralizeCreature,String,Demoralize Creature
1338,sEffectRallyHumanoid,String,Rally Humanoid
1339,sEffectRallyCreature,String,Rally Creature
1340,sEffectDispel,String,Dispel
1341,sEffectSoultrap,String,Soultrap
1342,sEffectTelekinesis,String,Telekinesis
1343,sEffectMark,String,Mark
1344,sEffectRecall,String,Recall
1345,sEffectDivineIntervention,String,Divine Intervention
1346,sEffectAlmsiviIntervention,String,Almsivi Intervention
1347,sEffectDetectAnimal,String,Detect Animal
1348,sEffectDetectEnchantment,String,Detect Enchantment
1349,sEffectDetectKey,String,Detect Key
1350,sEffectSpellAbsorption,String,Spell Absorption
1351,sEffectReflect,String,Reflect
1352,sEffectCureCommonDisease,String,Cure Common Disease
1353,sEffectCureBlightDisease,String,Cure Blight Disease
1354,sEffectCureCorprusDisease,String,Cure Corprus Disease
1355,sEffectCurePoison,String,Cure Poison
1356,sEffectCureParalyzation,String,Cure Paralyzation
1357,sEffectRestoreAttribute,String,Restore Attribute
1358,sEffectRestoreHealth,String,Restore Health
1359,sEffectRestoreSpellPoints,String,Restore Magicka
1360,sEffectRestoreFatigue,String,Restore Fatigue
1361,sEffectRestoreSkill,String,Restore Skill
1362,sEffectFortifyAttribute,String,Fortify Attribute
1363,sEffectFortifyHealth,String,Fortify Health
1364,sEffectFortifySpellpoints,String,Fortify Magicka
1365,sEffectFortifyFatigue,String,Fortify Fatigue
1366,sEffectFortifySkill,String,Fortify Skill
1367,sEffectFortifyMagickaMultiplier,String,Fortify Maximum Magicka
1368,sEffectAbsorbAttribute,String,Absorb Attribute
1369,sEffectAbsorbHealth,String,Absorb Health
1370,sEffectAbsorbSpellPoints,String,Absorb Magicka
1371,sEffectAbsorbFatigue,String,Absorb Fatigue
1372,sEffectAbsorbSkill,String,Absorb Skill
1373,sEffectResistFire,String,Resist Fire
1374,sEffectResistFrost,String,Resist Frost
1375,sEffectResistShock,String,Resist Shock
1376,sEffectResistMagicka,String,Resist Magicka
1377,sEffectResistCommonDisease,String,Resist Common Disease
1378,sEffectResistBlightDisease,String,Resist Blight Disease
1379,sEffectResistCorprusDisease,String,Resist Corprus Disease
1380,sEffectResistPoison,String,Resist Poison
1381,sEffectResistNormalWeapons,String,Resist Normal Weapons
1382,sEffectResistParalysis,String,Resist Paralysis
1383,sEffectRemoveCurse,String,Remove Curse
1384,sEffectTurnUndead,String,Turn Undead
1385,sEffectSummonScamp,String,Summon Scamp
1386,sEffectSummonClannfear,String,Summon Clannfear
1387,sEffectSummonDaedroth,String,Summon Daedroth
1388,sEffectSummonDremora,String,Summon Dremora
1389,sEffectSummonAncestralGhost,String,Summon Ancestral Ghost
1390,sEffectSummonSkeletalMinion,String,Summon Skeletal Minion
1391,sEffectSummonLeastBonewalker,String,Summon Bonewalker
1392,sEffectSummonGreaterBonewalker,String,Summon Greater Bonewalker
1393,sEffectSummonBonelord,String,Summon Bonelord
1394,sEffectSummonWingedTwilight,String,Summon Winged Twilight
1395,sEffectSummonHunger,String,Summon Hunger
1396,sEffectSummonGoldensaint,String,Summon Golden Saint
1397,sEffectSummonFlameAtronach,String,Summon Flame Atronach
1398,sEffectSummonFrostAtronach,String,Summon Frost Atronach
1399,sEffectSummonStormAtronach,String,Summon Storm Atronach
1400,sEffectFortifyAttackBonus,String,Fortify Attack
1401,sEffectCommandCreatures,String,Command Creature
1402,sEffectCommandHumanoids,String,Command Humanoid
1403,sEffectBoundDagger,String,Bound Dagger
1404,sEffectBoundLongsword,String,Bound Longsword
1405,sEffectBoundMace,String,Bound Mace
1406,sEffectBoundBattleAxe,String,Bound Battle Axe
1407,sEffectBoundSpear,String,Bound Spear
1408,sEffectBoundLongbow,String,Bound Longbow
1409,sEffectExtraSpell,String,EXTRA SPELL
1410,sEffectBoundCuirass,String,Bound Cuirass
1411,sEffectBoundHelm,String,Bound Helm
1412,sEffectBoundBoots,String,Bound Boots
1413,sEffectBoundShield,String,Bound Shield
1414,sEffectBoundGloves,String,Bound Gloves
1415,sEffectCorpus,String,Corprus
1416,sEffectVampirism,String,Vampirism
1417,sEffectSummonCenturionSphere,String,Summon Centurion Sphere
1418,sEffectSunDamage,String,Sun Damage
1419,sEffectStuntedMagicka,String,Stunted Magicka
1420,sEffectSummonFabricant,String,sEffectSummonFabricant
1421,sEffectSummonCreature01,String,sEffectSummonCreature01
1422,sEffectSummonCreature02,String,sEffectSummonCreature02
1423,sEffectSummonCreature03,String,sEffectSummonCreature03
1424,sEffectSummonCreature04,String,sEffectSummonCreature04
1425,sEffectSummonCreature05,String,sEffectSummonCreature05
1426,sSchoolAlteration,String,Alteration
1427,sSchoolConjuration,String,Conjuration
1428,sSchoolDestruction,String,Destruction
1429,sSchoolIllusion,String,Illusion
1430,sSchoolMysticism,String,Mysticism
1431,sSchoolRestoration,String,Restoration
1432,sTypeSpell,String,Spells
1433,sTypeAbility,String,Abilities
1434,sTypeBlightDisease,String,Blight Disease
1435,sTypeDisease,String,Disease
1436,sTypeCurse,String,Curse
1437,sTypePower,String,Powers
1438,sItemCastOnce,String,Cast Once
1439,sItemCastWhenStrikes,String,Cast When Strikes
1440,sItemCastWhenUsed,String,Cast When Used
1441,sItemCastConstant,String,Constant Effect
1442,sRangeSelf,String,Self
1443,sRangeTouch,String,Touch
1444,sRangeTarget,String,Target
1445,sMagicSkillFail,String,You failed casting the spell.
1446,sMagicInsufficientSP,String,You do not have enough Magicka to cast the spell.
1447,sMagicInsufficientCharge,String,Item does not have enough charge.
1448,sPowerAlreadyUsed,String,You already used that power today.
1449,sMagicInvalidTarget,String,Your spell did not get a target.
1450,sMagicLockSuccess,String,Your spell has locked its target.
1451,sMagicOpenSuccess,String,Your spell has unlocked its target.
1452,sMagicTargetResistsWeapons,String,Your weapon has no effect.
1453,sMagicContractDisease,String,You have contracted %s
1454,fMagicDetectRefreshRate,Float,0.0167
1455,fMagicStartIconBlink,Float,3
1456,fMagicCreatureCastDelay,Float,1.5
1457,sMagicScampID,String,Scamp_summon
1458,sMagicClannfearID,String,Clannfear_summon
1459,sMagicDaedrothID,String,Daedroth_summon
1460,sMagicDremoraID,String,Dremora_summon
1461,sMagicAncestralGhostID,String,Ancestor_Ghost_summon
1462,sMagicSkeletalMinionID,String,Skeleton_summon
1463,sMagicLeastBonewalkerID,String,Bonewalker_summon
1464,sMagicGreaterBonewalkerID,String,Bonewalker_Greater_summ
1465,sMagicBonelordID,String,Bonelord_summon
1466,sMagicWingedTwilightID,String,Winged Twilight_summon
1467,sMagicHungerID,String,Hunger_summon
1468,sMagicGoldenSaintID,String,Golden Saint_summon
1469,sMagicFlameAtronachID,String,Atronach_Flame_summon
1470,sMagicFrostAtronachID,String,Atronach_Frost_summon
1471,sMagicStormAtronachID,String,Atronach_Storm_summon
1472,sMagicCenturionSphereID,String,centurion_sphere_summon
1473,sMagicFabricantID,String,Fabricant
1474,sMagicCreature01ID,String,sMagicCreature01ID
1475,sMagicCreature02ID,String,sMagicCreature02ID
1476,sMagicCreature03ID,String,sMagicCreature03ID
1477,sMagicCreature04ID,String,sMagicCreature04ID
1478,sMagicCreature05ID,String,sMagicCreature05ID
1479,sMagicBoundDaggerID,String,Bound_Dagger
1480,sMagicBoundLongswordID,String,Bound_Longsword
1481,sMagicBoundMaceID,String,Bound_Mace
1482,sMagicBoundBattleAxeID,String,Bound_Battle_Axe
1483,sMagicBoundSpearID,String,Bound_Spear
1484,sMagicBoundLongbowID,String,Bound_Longbow
1485,sMagicBoundCuirassID,String,Bound_Cuirass
1486,sMagicBoundHelmID,String,Bound_Helm
1487,sMagicBoundBootsID,String,Bound_Boots
1488,sMagicBoundShieldID,String,Bound_Shield
1489,sMagicBoundLeftGauntletID,String,Bound_Gauntlet_Left
1490,sMagicBoundRightGauntletID,String,Bound_Gauntlet_Right
1491,fDiseaseXferChance,Float,2.5
1492,fElementalShieldMult,Float,0.1
1493,sMagicCorprusWorsens,String,Your case of Corprus has worsened.
1494,sMagicCannotRecast,String,You cannot re-cast this spell while it is still in effect.
1495,fMagicSunBlockedMult,Float,0.5
1496,sMagicPCResisted,String,You resisted magic.
1497,sMagicTargetResisted,String,Target resisted magic.
1498,sMagicInvalidEffect,String,You cannot cast this effect right now.
1499,sAcrobat,String,Acrobat
1500,sAgent,String,Agent
1501,sArcher,String,Archer
1502,sAssassin,String,Assassin
1503,sBarbarian,String,Barbarian
1504,sBard,String,Bard
1505,sBattlemage,String,Battlemage
1506,sCrusader,String,Crusader
1507,sCustom,String,Custom
1508,sHealer,String,Healer
1509,sKnight,String,Knight
1510,sMage,String,Mage
1511,sMonk,String,Monk
1512,sNightblade,String,Nightblade
1513,sPilgrim,String,Pilgrim
1514,sRogue,String,Rogue
1515,sScout,String,Scout
1516,sSorceror,String,Sorcerer
1517,sSpellsword,String,Spellsword
1518,sThief,String,Thief
1519,sWarrior,String,Warrior
1520,sWitchhunter,String,Witchhunter
Morrowind Mod:Mod File Format/INFO,,,
"The UESPWiki – Your source for The Elder Scrolls, in memory of Julian LeFay< Mod / Morrowind: Morrowind Mod: Modding: Mod File Format",,,
"INFO records contain information on dialogue topics (including voices, greetings, persuasion, and journal entries). INFO records are children of the previous DIAL record.",,,
C,Field,Type/Size,Info
"The three IDs form a linked list of INFOs for the DIAL. The first INFO has an empty PNAM; the last has an empty NNAM. Note: for override records, next/prev topic IDs can refer to topics in the base record or the current one.",,,
+,INAM,zstring,"Info name string (unique sequence of #'s), ID"
+,PNAM,zstring,Previous info ID
+,NNAM,zstring,Next info ID
-,DATA,"struct
(12 bytes)","Info data (always emitted except for deleted records)
uint8 - Dialogue type (duplicates parent DIAL's DATA value)
uint8[3] - Unused
uint32 - Disposition / Journal index
int8 - Rank (-1 for N/A)
int8 - Gender
-1 = None
0 = Male
1 = Female
int8 - PCRank (-1 for N/A)
uint8 - Unused
Note: a 20-byte version is also allowed in the Construction Set, but does not appear in any game files. It is likely an older version. The data appeared in the same order, but all values were int32/uint32."
-,ONAM,zstring,Actor
-,RNAM,zstring,Race
-,CNAM,zstring,Class
-,FNAM,zstring,"Faction (or the literal string ""FFFF"" for _NO FACTION_)"
-,ANAM,zstring,Cell
-,DNAM,zstring,PC Faction
-,SNAM,zstring,Sound
-,NAME,string,Response text
*,SCVR,string,"Strings for the Function/Variable list
char - Index ('0' to '5')
char - Type ('1' to 'C', hex digit)
'1' = Function
'2' = Global
'3' = Local
'4' = Journal
'5' = Item
'6' = Dead
'7' = Not ID
'8' = Not Faction
'9' = Not Class
'A' = Not Race
'B' = Not Cell
'C' = Not Local
char[2] - Details
'00' to '72' = Function: function index
'fX' = Global/Local/Not Local: Value is a float in FLTV
'lX' = Global/Local/Not Local: Value is a long in INTV
'sX' = Global/Local/Not Local: Value is a short in INTV (serves only as a value range - INTV is always a uint32)
'JX' = Journal
'IX' = Item
'DX' = Dead
'XX' = Not ID
'FX' = Not Faction
'CX' = Not Class
'RX' = Not Race
'LX' = Not Cell
char - Operator
'0' = '='
'1' = '!='
'2' = '>'
'3' = '>='
'4' = '<'
'5' = '<='
char[] - Name: Except for functions (which require no further information), everything after the fifth character is the ID for the global, local, journal, etc."
,INTV,uint32,Integer value for SCVR comparison
,FLTV,float32,Float value for SCVR comparison
-,BNAM,string,Result text
"The remaining fields apply only to journal entries. Although emitted as booleans, only one can be set at any given time, effectively making them an enumerable.",,,
-,QSTN,bool8,Quest Name
-,QSTF,bool8,Quest Finished
-,QSTR,bool8,Quest Restart
Morrowind Mod:Mod File Format/INGR,,,
"The UESPWiki – Your source for The Elder Scrolls, in memory of Julian LeFay< Mod / Morrowind: Morrowind Mod: Modding: Mod File Format",,,
INGR records contain information about ingredients.,,,
C,Field,Type/Size,Info
+,NAME,zstring,ID
+,MODL,zstring,Model name
-,FNAM,zstring,Name
+,IRDT,"struct
(56 bytes)","Ingredient data
float32 - Weight
uint32 - Value
int32[4] - Effect index (-1 if unused)
int32[4] - Skill ID (only if effect supports it; otherwise 0 or -1)
int32[4] - Attribute ID (only if effect supports it; otherwise 0 or -1)"
-,SCRI,zstring,Script name
-,ITEX,zstring,Icon filename
Morrowind Mod:Mod File Format/LAND,,,
"The UESPWiki – Your source for The Elder Scrolls, in memory of Julian LeFay< Mod / Morrowind: Morrowind Mod: Modding: Mod File Format",,,
"LAND records contain information about the landscape of exterior cells. More specifically, it defines 65x65 arrays of vertex heights, normals, colors, and a smaller 16x16 array of textures. It also defines a 9x9 array of heights that the game can load to quickly build the world map.",,,
C,Field,Type/Size,Info
+,INTV,"struct
(8 bytes)","Coordinates
int32 - X
int32 - Y"
+,DATA,uint32,"Data types included. If the relevant bit isn't set, the related fields will not be loaded, even if present.
0x01 = Includes VNML, VHGT and WNAM
0x02 = Includes VCLR
0x04 = Includes VTEX"
-,VNML,"struct
(12,675 bytes)","Vertex Normals. A 65×65 array of:
int8 - X
int8 - Y
int8 - Z
Note that the Y-direction of the data is from the bottom up."
-,VHGT,"struct
(4,232 bytes)","Height Data
float32 - A height offset for the entire cell. Decreasing this value will shift the entire cell land down (by 8 units).[verification needed — Oblivion and Skyrim use 8 units, is this the same?]
int8[65][65] - Contains the height data for the cell in the form of a 65×65 pixel array. The height data is not absolute values but uses differences between adjacent pixels. Thus a pixel value of 0 means it has the same height as the last pixel. Note that the Y-direction of the data is from the bottom up.
uint8[3] - Junk data (ignored)"
-,WNAM,uint8[9][9],Heights for world map. Derived from VHGT data.
-,VCLR,"struct
(12,675 bytes)",Vertex Colors. A 65×65 array of RGB (no alpha) values.
-,VTEX,uint16[16][16],Texture Indices. Each value corresponds to the Index (INTV) value from a LTEX record.
Morrowind Mod:Mod File Format/LEVC,,,
"The UESPWiki – Your source for The Elder Scrolls, in memory of Julian LeFay< Mod / Morrowind: Morrowind Mod: Modding: Mod File Format",,,
LEVC records contain information about leveled creatures.,,,
C,Field,Type/Size,Info
+,NAME,zstring,ID
+,DATA,uint32,"Flags
0x1 = Calculate from all levels <= PC's level"
+,NNAM,uint8,Chance none
-,INDX,uint32,Count of following creatures
*,CNAM,zstring,Creature name
,INTV,uint16,PC level
Morrowind Mod:Mod File Format/LEVI,,,
"The UESPWiki – Your source for The Elder Scrolls, in memory of Julian LeFay< Mod / Morrowind: Morrowind Mod: Modding: Mod File Format",,,
LEVI records contain information about leveled items.,,,
C,Field,Type/Size,Info
+,NAME,zstring,ID
+,DATA,uint32,"Flags
0x1 = Calculate for each item in count
0x2 = Calculate from all levels <= PC's level"
+,NNAM,uint8,Chance none
-,INDX,uint32,Count of following items
*,INAM,zstring,Item name
,INTV,uint16,PC level
Morrowind Mod:Mod File Format/LIGH,,,
"The UESPWiki – Your source for The Elder Scrolls, in memory of Julian LeFay< Mod / Morrowind: Morrowind Mod: Modding: Mod File Format",,,
LIGH records contain information about lights.,,,
C,Field,Type/Size,Info
+,NAME,zstring,ID string
-,MODL,zstring,NIF model file name
-,FNAM,zstring,Light name
-,ITEX,zstring,Inventory icon
+,LHDT,"struct
(24 bytes)","Light data
float32 - Weight
uint32 - Value
int32 - Time
uint32 - Radius
rgb - Color
uint32 - Flags
0x0001 = Dynamic
0x0002 = Can carry
0x0004 = Negative
0x0008 = Flicker
0x0010 = Fire
0x0020 = Off by default
0x0040 = Flicker slow
0x0080 = Pulse
0x0100 = Pulse slow"
-,SNAM,zstring,Sound name
-,SCRI,zstring,Script name
Morrowind Mod:Mod File Format/LOCK,,,
"The UESPWiki – Your source for The Elder Scrolls, in memory of Julian LeFay< Mod / Morrowind: Morrowind Mod: Modding: Mod File Format",,,
LOCK records contain information about lockpicking items.,,,
C,Field,Type/Size,Info
+,NAME,zstring,ID
+,MODL,zstring,Model name
-,FNAM,zstring,Name
+,LKDT,"struct
(16 bytes)","Lock data
float32 - Weight
uint32 - Value
float32 - Quality
uint32 - Uses"
-,SCRI,zstring,Script name
-,ITEX,zstring,Icon filename
Morrowind Mod:Mod File Format/LTEX,,,
"The UESPWiki – Your source for The Elder Scrolls, in memory of Julian LeFay< Mod / Morrowind: Morrowind Mod: Modding: Mod File Format",,,
LTEX records contain information about landscape textures.,,,
C,Field,Type/Size,Info
+,NAME,zstring,ID string
+,INTV,uint32,"Index (although nominally a uint32, uint16s are used as indices in LAND records, so these are effectively restricted to uint16 values)"
+,DATA,zstring,Texture file names
Morrowind Mod:Mod File Format/MGEF,,,
"The UESPWiki – Your source for The Elder Scrolls, in memory of Julian LeFay< Mod / Morrowind: Morrowind Mod: Modding: Mod File Format",,,
MGEF records contain information about magic effects.,,,
"Note that the names of the effects are hardcoded. Missing visual effects default to VFX_DefaultArea, VFX_DefaultBolt, etc.",,,
C,Field,Type/Size,Info
+,INDX,uint32,Index
+,MEDT,"struct
(36 bytes)","Magic effect data
uint32 - Spell school
0 = Alteration
1 = Conjuration
2 = Destruction
3 = Illusion
4 = Mysticism
5 = Restoration
float32 - BaseCost
uint32 - Flags
0x00001 = Targets Skill
0x00002 = Targets Attribute
0x00004 = No Duration
0x00008 = No Magnitude
0x00010 = Harmful
0x00020 = Continuous VFX
0x00040 = Can Cast On Self
0x00080 = Can Cast On Touch
0x00100 = Can Cast On Target
0x00200 = Spellmaking
0x00400 = Enchanting
0x00800 = Negative Lighting
0x01000 = Applied Once
0x02000 = Stealth
0x04000 = Cannot Recast
0x08000 = Illegal Daedra
0x10000 = Unreflectable
0x20000 = Linked To Caster
uint32 - Red
uint32 - Green
uint32 - Blue
float32 - SpeedX
float32 - SizeX
float32 - SizeCap"
-,ITEX,zstring,Effect icon
-,PTEX,zstring,Particle texture
-,BSND,zstring,Bolt sound
-,CSND,zstring,Casting sound
-,HSND,zstring,Hit sound
-,ASND,zstring,Area sound
-,CVFX,zstring,"Casting visual (note that Casting visual comes before Bolt visual, unlike with sounds)"
-,BVFX,zstring,Bolt visual
-,HVFX,zstring,Hit visual
-,AVFX,zstring,Area visual
-,DESC,string,Description text
Effect Indices,,,
"The exact mapping of index to game setting (and hence name) is hardcoded into the executable. Summon Fabricant is defined in Tribunal and duplicated in Bloodmoon. The entries after that are technically defined in both Tribunal and Bloodmoon, but only Bloodmoon provides names for the three defined summon spells (Tribunal just repeats the game setting name as the English name)",,,
Index,English Name,Game Setting Name,
0,Water Breathing,sEffectWaterBreathing,
1,Swift Swim,sEffectSwiftSwim,
2,Water Walking,sEffectWaterWalking,
3,Shield,sEffectShield,
4,Fire Shield,sEffectFireShield,
5,Lightning Shield,sEffectLightningShield,
6,Frost Shield,sEffectFrostShield,
7,Burden,sEffectBurden,
8,Feather,sEffectFeather,
9,Jump,sEffectJump,
10,Levitate,sEffectLevitate,
11,SlowFall,sEffectSlowFall,
12,Lock,sEffectLock,
13,Open,sEffectOpen,
14,Fire Damage,sEffectFireDamage,
15,Shock Damage,sEffectShockDamage,
16,Frost Damage,sEffectFrostDamage,
17,Drain Attribute,sEffectDrainAttribute,
18,Drain Health,sEffectDrainHealth,
19,Drain Magicka,sEffectDrainSpellpoints,
20,Drain Fatigue,sEffectDrainFatigue,
21,Drain Skill,sEffectDrainSkill,
22,Damage Attribute,sEffectDamageAttribute,
23,Damage Health,sEffectDamageHealth,
24,Damage Magicka,sEffectDamageMagicka,
25,Damage Fatigue,sEffectDamageFatigue,
26,Damage Skill,sEffectDamageSkill,
27,Poison,sEffectPoison,
28,Weakness to Fire,sEffectWeaknessToFire,
29,Weakness to Frost,sEffectWeaknessToFrost,
30,Weakness to Shock,sEffectWeaknessToShock,
31,Weakness to Magicka,sEffectWeaknessToMagicka,
32,Weakness to Common Disease,sEffectWeaknessToCommonDisease,
33,Weakness to Blight Disease,sEffectWeaknessToBlightDisease,
34,Weakness to Corprus Disease,sEffectWeaknessToCorprusDisease,
35,Weakness to Poison,sEffectWeaknessToPoison,
36,Weakness to Normal Weapons,sEffectWeaknessToNormalWeapons,
37,Disintegrate Weapon,sEffectDisintegrateWeapon,
38,Disintegrate Armor,sEffectDisintegrateArmor,
39,Invisibility,sEffectInvisibility,
40,Chameleon,sEffectChameleon,
41,Light,sEffectLight,
42,Sanctuary,sEffectSanctuary,
43,Night Eye,sEffectNightEye,
44,Charm,sEffectCharm,
45,Paralyze,sEffectParalyze,
46,Silence,sEffectSilence,
47,Blind,sEffectBlind,
48,Sound,sEffectSound,
49,Calm Humanoid,sEffectCalmHumanoid,
50,Calm Creature,sEffectCalmCreature,
51,Frenzy Humanoid,sEffectFrenzyHumanoid,
52,Frenzy Creature,sEffectFrenzyCreature,
53,Demoralize Humanoid,sEffectDemoralizeHumanoid,
54,Demoralize Creature,sEffectDemoralizeCreature,
55,Rally Humanoid,sEffectRallyHumanoid,
56,Rally Creature,sEffectRallyCreature,
57,Dispel,sEffectDispel,
58,Soultrap,sEffectSoultrap,
59,Telekinesis,sEffectTelekinesis,
60,Mark,sEffectMark,
61,Recall,sEffectRecall,
62,Divine Intervention,sEffectDivineIntervention,
63,Almsivi Intervention,sEffectAlmsiviIntervention,
64,Detect Animal,sEffectDetectAnimal,
65,Detect Enchantment,sEffectDetectEnchantment,
66,Detect Key,sEffectDetectKey,
67,Spell Absorption,sEffectSpellAbsorption,
68,Reflect,sEffectReflect,
69,Cure Common Disease,sEffectCureCommonDisease,
70,Cure Blight Disease,sEffectCureBlightDisease,
71,Cure Corprus Disease,sEffectCureCorprusDisease,
72,Cure Poison,sEffectCurePoison,
73,Cure Paralyzation,sEffectCureParalyzation,
74,Restore Attribute,sEffectRestoreAttribute,
75,Restore Health,sEffectRestoreHealth,
76,Restore Magicka,sEffectRestoreSpellPoints,
77,Restore Fatigue,sEffectRestoreFatigue,
78,Restore Skill,sEffectRestoreSkill,
79,Fortify Attribute,sEffectFortifyAttribute,
80,Fortify Health,sEffectFortifyHealth,
81,Fortify Magicka,sEffectFortifySpellpoints,
82,Fortify Fatigue,sEffectFortifyFatigue,
83,Fortify Skill,sEffectFortifySkill,
84,Fortify Maximum Magicka,sEffectFortifyMagickaMultiplier,
85,Absorb Attribute,sEffectAbsorbAttribute,
86,Absorb Health,sEffectAbsorbHealth,
87,Absorb Magicka,sEffectAbsorbSpellPoints,
88,Absorb Fatigue,sEffectAbsorbFatigue,
89,Absorb Skill,sEffectAbsorbSkill,
90,Resist Fire,sEffectResistFire,
91,Resist Frost,sEffectResistFrost,
92,Resist Shock,sEffectResistShock,
93,Resist Magicka,sEffectResistMagicka,
94,Resist Common Disease,sEffectResistCommonDisease,
95,Resist Blight Disease,sEffectResistBlightDisease,
96,Resist Corprus Disease,sEffectResistCorprusDisease,
97,Resist Poison,sEffectResistPoison,
98,Resist Normal Weapons,sEffectResistNormalWeapons,
99,Resist Paralysis,sEffectResistParalysis,
100,Remove Curse,sEffectRemoveCurse,
101,Turn Undead,sEffectTurnUndead,
102,Summon Scamp,sEffectSummonScamp,
103,Summon Clannfear,sEffectSummonClannfear,
104,Summon Daedroth,sEffectSummonDaedroth,
105,Summon Dremora,sEffectSummonDremora,
106,Summon Ancestral Ghost,sEffectSummonAncestralGhost,
107,Summon Skeletal Minion,sEffectSummonSkeletalMinion,
108,Summon Bonewalker,sEffectSummonLeastBonewalker,
109,Summon Greater Bonewalker,sEffectSummonGreaterBonewalker,
110,Summon Bonelord,sEffectSummonBonelord,
111,Summon Winged Twilight,sEffectSummonWingedTwilight,
112,Summon Hunger,sEffectSummonHunger,
113,Summon Golden Saint,sEffectSummonGoldensaint,
114,Summon Flame Atronach,sEffectSummonFlameAtronach,
115,Summon Frost Atronach,sEffectSummonFrostAtronach,
116,Summon Storm Atronach,sEffectSummonStormAtronach,
117,Fortify Attack,sEffectFortifyAttackBonus,
118,Command Creature,sEffectCommandCreatures,
119,Command Humanoid,sEffectCommandHumanoids,
120,Bound Dagger,sEffectBoundDagger,
121,Bound Longsword,sEffectBoundLongsword,
122,Bound Mace,sEffectBoundMace,
123,Bound Battle Axe,sEffectBoundBattleAxe,
124,Bound Spear,sEffectBoundSpear,
125,Bound Longbow,sEffectBoundLongbow,
126,EXTRA SPELL,sEffectExtraSpell,
127,Bound Cuirass,sEffectBoundCuirass,
128,Bound Helm,sEffectBoundHelm,
129,Bound Boots,sEffectBoundBoots,
130,Bound Shield,sEffectBoundShield,
131,Bound Gloves,sEffectBoundGloves,
132,Corprus,sEffectCorpus,
133,Vampirism,sEffectVampirism,
134,Summon Centurion Sphere,sEffectSummonCenturionSphere,
135,Sun Damage,sEffectSunDamage,
136,Stunted Magicka,sEffectStuntedMagicka,
137,Summon FabricantTR,sEffectSummonFabricant,
138,"Call WolfBM
(sEffectSummonCreature01TR)",sEffectSummonCreature01,
139,"Call BearBM
(sEffectSummonCreature02TR)",sEffectSummonCreature02,
140,"Summon BonewolfBM
(sEffectSummonCreature03TR)",sEffectSummonCreature03,
141,sEffectSummonCreature04TR BM,sEffectSummonCreature04,
142,sEffectSummonCreature05TR BM,sEffectSummonCreature05,
Morrowind Mod:Mod File Format/MISC,,,
"The UESPWiki – Your source for The Elder Scrolls, in memory of Julian LeFay< Mod / Morrowind: Morrowind Mod: Modding: Mod File Format",,,
MISC records contain information about miscellaneous items.,,,
C,Field,Type/Size,Info
+,NAME,zstring,ID string
+,MODL,zstring,NIF model filename
-,FNAM,zstring,Name of item
+,MCDT,struct (12 bytes),"Misc Data
float32 - Weight
uint32 - Value
uint32 - Flags
1 = Key"
-,SCRI,zstring,Script name
-,ITEX,zstring,Inventory icon name
Morrowind Mod:Mod File Format/NPC,,,
"The UESPWiki – Your source for The Elder Scrolls, in memory of Julian LeFay< Mod / Morrowind: Morrowind Mod: Modding: Mod File Format",,,
NPC_ records contain information on NPCs.,,,
C,Field,Type/Size,Info
+,NAME,zstring,ID string
-,MODL,zstring,NIF model
-,FNAM,zstring,Name
+,RNAM,zstring,Race name
+,CNAM,zstring,Class name
-,ANAM,zstring,Faction name
+,BNAM,zstring,Head model
-,KNAM,zstring,Hair model
-,SCRI,zstring,Script name
+,NPDT,"struct
(12 or 52 bytes)","NPC data
12-byte version (autocalc flag set)
uint16 - Level
uint8 - Disposition
uint8 - Reputation
uint8 - Rank
uint8[3] - alignment padding (junk)
uint32 - Gold
52-byte version (autocalc flag clear)
uint16 - Level
uint8[8] - Attributes (in order of Attribute ID, as found on Morrowind:Attributes)
uint8[27] - Skills (in order of Skill ID, as found on Morrowind:Skills)
uint8 - alignment padding (junk)
uint16 - Health
uint16 - Spell points
uint16 - Fatigue
uint8 - Disposition
uint8 - Reputation
uint8 - Rank
uint8 - alignment padding (junk)
uint32 - Gold"
+,FLAG,uint32,"NPC flags
0x0001 = Female
0x0002 = Essential
0x0004 = Respawn
0x0008 = Unknown (always set)
0x0010 = Autocalc
0x0400 = Blood Texture: Skeleton
0x0800 = Blood Texture: Metal Sparks"
*,NPCO,"struct
(36 bytes)","Carried object
int32 - Object count (negative counts are restocking)
char[32] - Object name"
*,NPCS,char[32],Spells
-,AIDT,"struct
(12 bytes)","AI data
uint8 Hello
uint8 Unknown1
uint8 Fight
uint8 Flee
uint8 Alarm
[3]uint8 alignment padding (junk)
uint32 Flags
0x00001 = Weapon
0x00002 = Armor
0x00004 = Clothing
0x00008 = Books
0x00010 = Ingredients
0x00020 = Picks
0x00040 = Probes
0x00080 = Lights
0x00100 = Apparatus
0x00200 = Repair Items
0x00400 = Misc
0x00800 = Spells
0x01000 = Magic Items
0x02000 = Potions
0x04000 = Training
0x08000 = Spellmaking
0x10000 = Enchanting
0x20000 = Repair
Remaining bits appear to be filled with junk data"
*,DODT,"struct
(24 bytes)","Cell Travel Destination
float32 - Position X
float32 - Position Y
float32 - Position Z
float32 - Rotation X
float32 - Rotation Y
float32 - Rotation Z"
,DNAM,zstring,"Cell name for previous DODT, if interior"
"AI Packages - the following fields can appear in any order, one per AI package, with the order defining the package priority.
Note: duration parameters in all packages are in hours. Any value greater than 24 should be divided by 100, and set to 24 if still greater than 24. The unknown value for each package seems to be an end-of-data marker; it is always a byte value set to 1 with any remaining data in the structure undefined and ignored.",,,
*,AI_A,"struct
(33 bytes)","Activate package:
char[32] - Name
uint8 - Unknown (always 1)"
,AI_E,"struct
(48 bytes)","Escort package:
float32 - X
float32 - Y
float32 - Z
uint16 - Duration
char[32] - ID
uint8 - Unknown (always 1)
uint8 - Unused"
,CNDT,zstring,Cell escort string (optional)
,AI_F,"struct
(48 bytes)","Follow package:
float32 - X
float32 - Y
float32 - Z
uint16 - Duration
char[32] - ID
uint8 - Unknown (always 1)
uint8 - Unused"
,CNDT,zstring,Cell follow to string (optional)
,AI_T,"struct
(16 bytes)","Travel package:
float32 - X
float32 - Y
float32 - Z
uint8 - Unknown (always 1)
uint8[3] - Unused"
,AI_W,"struct
(14 bytes)","Wander package:
uint16 - Distance
uint16 - Duration
uint8 - Time of Day
uint8[8] - Idles
uint8 - Unknown (always 1)"
Morrowind Mod:Mod File Format/PGRD,,,
"The UESPWiki – Your source for The Elder Scrolls, in memory of Julian LeFay< Mod / Morrowind: Morrowind Mod: Modding: Mod File Format",,,
PGRD records contain information about path grids.,,,
C,Field,Type/Size,Info
+,DATA,"struct
(12 bytes)","Path grid data
int32 - Grid X (exterior only)
int32 - Grid Y (exterior only)
uint16 - Flags. The values below are the only ones accessible via the TESCS; other values exist between the range of 0x1 and 0x4000 (with the exception of 0x4) but appear to be deprecated outside of cell [0, 0].
0x80 = 128 granularity
0x100 = 256 granularity
0x200 = 512 granularity
0x400 = 1024 granularity (Appears to be the default)
0x800 = 2048 granularity
0x1000 = 4096 granularity
uint16 - Path point count (see PGRP)
Note: the Construction Set allows for a 44-byte version of the structure where NAME is a 32-byte null-terminated string immediately after Grid Y, rather than a field of its own. Only the 12-byte version is currently in use; the 44-byte version appears to be an older version."
+,NAME,zstring,The cell name the path grid belongs to.
-,PGRP,"PathPoint[Count]
(16 bytes each)","A sequential list of PathPoints:
int32 - X
int32 - Y
int32 - Z
uint8 - Flags
0x01 = Autogenerated
uint8 - Connection count (number of entries in PGRC)
uint16 - Unknown (likely alignment padding)"
-,PGRC,uint32[TotalConnCount],"Connection list (also known as edges), where TotalConnCount is the sum of all Connection count values in the PGRP node.
For each path point listed in PGRP, there are Connection count edges in this list, each an index into PGRP. Using Azura's Coast (12, 20) as an example, the first entry in the PGRP (index 0) the Connection count value is 1, so you would read one uint32 from this list. That has a value of 1, so index 0 connects to index 1. For the second entry (index = 1), Connection count is 4, so you would read the next four uint32 values: 0, 6, 3, and 2, meaning that the point at index 1 connects to the points at indices 0, 6, 3, and 2."
Morrowind Mod:Mod File Format/PROB,,,
"The UESPWiki – Your source for The Elder Scrolls, in memory of Julian LeFay< Mod / Morrowind: Morrowind Mod: Modding: Mod File Format",,,
PROB records contain information about probe items.,,,
C,Field,Type/Size,Info
+,NAME,zstring,ID
+,MODL,zstring,Model name
-,FNAM,zstring,Name
+,PBDT,"struct
(16 bytes)","Probe item data
float32 - Weight
uint32 - Value
float32 - Quality
uint32 - Uses"
-,ITEX,zstring,Icon filename
-,SCRI,zstring,Script name
Morrowind Mod:Mod File Format/RACE,,,
"The UESPWiki – Your source for The Elder Scrolls, in memory of Julian LeFay< Mod / Morrowind: Morrowind Mod: Modding: Mod File Format",,,
RACE records contain information about races.,,,
C,Field,Type/Size,Info
+,NAME,zstring,Race ID string
-,FNAM,zstring,Race name string
+,RADT,"struct
(140 bytes)","Race data
struct[7] - Skill bonuses
int32 - Skill ID (-1 for empty)
int32 - Bonus
uint32[8][2] = Attributes, (the first dimension being ordered by Attribute ID, as found on Morrowind:Attributes, and the second dimension by gender)
float32[2] = Height (one for each gender, as with Weight below)
float32[2] = Weight
uint32 = Flags
0x1 = Playable
0x2 = Beast Race"
*,NPCS,char[32],Special power/ability name string
-,DESC,string,Race description
Morrowind Mod:Mod File Format/REGN,,,
"The UESPWiki – Your source for The Elder Scrolls, in memory of Julian LeFay< Mod / Morrowind: Morrowind Mod: Modding: Mod File Format",,,
REGN records contain information about regions.,,,
C,Field,Type/Size,Info
+,NAME,zstring,Region ID
+,FNAM,zstring,Region name
+,WEAT,"struct
(8 or 10 bytes)","Weather chances - 8 bytes in v1.2 (Morrowind), 10 bytes in v1.3 (Bloodmoon/Tribunal)
uint8 - Clear
uint8 - Cloudy
uint8 - Foggy
uint8 - Overcast
uint8 - Rain
uint8 - Thunder
uint8 - Ash
uint8 - Blight
uint8 - Snow (v1.3 only)
uint8 - Blizzard (v1.3 only)"
-,BNAM,zstring,Sleep creature
+,CNAM,rgb,Map color
*,SNAM,"struct
(33 bytes)","Sound chances
char[32] - Sound name
uint8 - Chance"
Morrowind Mod:Mod File Format/REPA,,,
"The UESPWiki – Your source for The Elder Scrolls, in memory of Julian LeFay< Mod / Morrowind: Morrowind Mod: Modding: Mod File Format",,,
REPA records contain information about repair tools.,,,
C,Field,Type/Size,Info
+,NAME,zstring,ID
+,MODL,zstring,Model name
-,FNAM,zstring,Name
+,RIDT,"struct
(16 bytes)","Repair Item data
float32 - Weight
uint32 - Value
uint32 - Uses
float32 - Quality"
-,ITEX,zstring,Icon filename
-,SCRI,zstring,Script name
Morrowind Mod:Mod File Format/SCPT,,,
"The UESPWiki – Your source for The Elder Scrolls, in memory of Julian LeFay< Mod / Morrowind: Morrowind Mod: Modding: Mod File Format",,,
SCPT records contain information about scripts.,,,
C,Field,Type/Size,Info
+,SCHD,"struct
(52 bytes)","Script header
char[32] - Name
uint32 - NumShorts
uint32 - NumLongs
uint32 - NumFloats
uint32 - ScriptDataSize (same as size of SCDT)
uint32 - LocalVarSize (same as size of SCVR)"
-,SCVR,zstring[varCount],"List of all the local script variables separated by NULL characters
(varCount = NumShorts + NumLongs + NumFloats from SCHD)"
-,SCDT,uint8[ScriptDataSize],The compiled script data
-,SCTX,string,Script text
Morrowind Mod:Mod File Format/SKIL,,,
"The UESPWiki – Your source for The Elder Scrolls, in memory of Julian LeFay< Mod / Morrowind: Morrowind Mod: Modding: Mod File Format",,,
SKIL records contain information about skills.,,,
Note that the names of the skills and which use values apply to the skill are hardcoded.,,,
C,Field,Type/Size,Info
+,INDX,uint32,Skill index
+,SKDT,"struct
(24 bytes)","Skill data
uint32 - Attribute
uint32 - Specialization
float[4] - Use values"
-,DESC,string,Skill description
Morrowind Mod:Mod File Format/SNDG,,,
"The UESPWiki – Your source for The Elder Scrolls, in memory of Julian LeFay< Mod / Morrowind: Morrowind Mod: Modding: Mod File Format",,,
SNDG records contain information about sound generators.,,,
C,Field,Type/Size,Info
+,NAME,zstring,"ID - this appears to be generated from the creature name (or DEFAULT) combined with the type formatted as a four-digit number with leading zeroes (e.g., the ID for an alit scream is alit0006).
Note: there is one record in Bloodmoon which has an empty string here (BM_horker, Left Foot)."
+,DATA,uint32,"Sound type data
0 = Left Foot
1 = Right Foot
2 = Swim Left
3 = Swim Right
4 = Moan
5 = Roar
6 = Scream
7 = Land"
-,CNAM,zstring,Creature name
-,SNAM,zstring,Sound ID string
Morrowind Mod:Mod File Format/SOUN,,,
"The UESPWiki – Your source for The Elder Scrolls, in memory of Julian LeFay< Mod / Morrowind: Morrowind Mod: Modding: Mod File Format",,,
SOUN records contain information about sound effects.,,,
C,Field,Type/Size,Info
+,NAME,zstring,Sound ID
+,FNAM,zstring,File name
+,DATA,"struct
(3 bytes)","Attenuation Data
uint8 Volume (0=0.00, 255=1.00)
uint8 Min Range
uint8 Max Range"
Morrowind Mod:Mod File Format/SPEL,,,
"The UESPWiki – Your source for The Elder Scrolls, in memory of Julian LeFay< Mod / Morrowind: Morrowind Mod: Modding: Mod File Format",,,
SPEL records contain information about spells.,,,
C,Field,Type/Size,Info
+,NAME,zstring,ID
-,FNAM,zstring,Name
+,SPDT,"struct
(12 bytes)","Spell Data
uint32 - Type
0 = Spell
1 = Ability
2 = Blight
3 = Disease
4 = Curse (unused)
5 = Power
uint32 - SpellCost
uint32 - Flags
0x1 = AutoCalc
0x2 = PC Start
0x4 = Always Succeeds"
*,ENAM,"struct
(24 bytes)","Enchantments
uint16 - Effect index
int8 - Skill affected (-1 if not applicable)
int8 - Attribute affected (-1 if not applicable)
uint32 - Range
0 = Self
1 = Touch
2 = Target
uint32 - Area
uint32 - Duration
uint32 - Magnitude Min
uint32 - Magnitude Max"
Morrowind Mod:Mod File Format/SSCR,,,
"The UESPWiki – Your source for The Elder Scrolls, in memory of Julian LeFay< Mod / Morrowind: Morrowind Mod: Modding: Mod File Format",,,
"SSCR records contain information about start scripts, a feature added by Tribunal.",,,
C,Field,Type/Size,Info
+,DATA,string,Unknown - series of ASCII digits
-,NAME,string,"Script name (technically optional, but internal conditions seem like they should always be satisfied)"
Morrowind Mod:Mod File Format/STAT,,,
"The UESPWiki – Your source for The Elder Scrolls, in memory of Julian LeFay< Mod / Morrowind: Morrowind Mod: Modding: Mod File Format",,,
STAT records contain information about statics.,,,
C,Field,Type/Size,Info
+,NAME,zstring,ID string
+,MODL,zstring,NIF model
Morrowind Mod:Mod File Format/TES3,,,
"The UESPWiki – Your source for The Elder Scrolls, in memory of Julian LeFay< Mod / Morrowind: Morrowind Mod: Modding: Mod File Format",,,
"The TES3 record stores the master or plugin file's header data. This includes: author name, description, file version, master files, and the size of the master files.",,,
C,Field,Type/Size,Info
+,HEDR,"struct
(300 bytes)","Header
float32 - Version (1.2 for Morrowind, 1.3 for Bloodmoon and Tribunal)
uint32 - Flags
0x1 = file should be treated as a master, regardless of the file extension
char[32] - Company name string
char[256] - File description
uint32 - Number of records after this one"
*,MAST,zstring,"Master filename
Each pair of MAST/DATA subrecords represents a single master of the mod file.
Master files are listed in load order at the time the mod was saved."
,DATA,uint64,Size of the previous master file in bytes (used for version tracking of plugin)
Morrowind Mod:Mod File Format/WEAP,,,
"The UESPWiki – Your source for The Elder Scrolls, in memory of Julian LeFay< Mod / Morrowind: Morrowind Mod: Modding: Mod File Format",,,
WEAP records contain information about weapons.,,,
C,Field,Type/Size,Info
+,NAME,string,Weapon ID
+,MODL,string,Model filename
-,FNAM,string,Weapon name
+,WPDT,"struct
(32 bytes)","Weapon data
float32 - Weight
uint32 - Value
uint16 - Type
0 = ShortBladeOneHand
1 = LongBladeOneHand
2 = LongBladeTwoClose
3 = BluntOneHand
4 = BluntTwoClose
5 = BluntTwoWide
6 = SpearTwoWide
7 = AxeOneHand
8 = AxeTwoHand
9 = MarksmanBow
10 = MarksmanCrossbow
11 = MarksmanThrown
12 = Arrow
13 = Bolt
uint16 - Health
float32 - Speed
float32 - Reach
uint16 - Enchantment Points
uint8 - Chop Minimum
uint8 - Chop Maximum
uint8 - Slash Minimum
uint8 - Slash Maximum
uint8 - Thrust Minimum
uint8 - Thrust Maximum
uint32 - Flags
0x1 = Ignore Normal Weapon Resistance
0x2 = Silver"
-,ITEX,string,Inventory icon filename
-,ENAM,string,Enchantment ID string
-,SCRI,string,Script ID string
,,,
Morrowind Mod:Mod File Format,,,
"The UESPWiki – Your source for The Elder Scrolls, in memory of Julian LeFay< Mod / Morrowind: Morrowind Mod: Modding",,,
Contents,,,
1Record Types,,,
2Records,,,
3Fields,,,
"Mod files (also called plugin files) for the TES3 Construction Set are essentially collections of records which are further divided into fields. Records generally correspond to objects in the Construction Set (e.g., a creature, a game setting, a dialogue entry), with the fine details of the object (e.g., health of a creature, a dialog entry text) being handled by the fields of the record.",,,
A plugin file uses the following format:,,,
A single TES3 record (plugin information).,,,
"A collection of records of varying types, as detailed below.",,,
"Note that the information on these pages is intended for mod files and may or may not apply to saved game files, which use a slightly different structure. In particular, saved game files include record types not documented here (e.g., CNTC, CREC, and NPCC, which record changes to containers, creatures, and NPCs). Also, saved games sometimes emit fields in a different order or include fields not present in plugins at all.",,,
Record Types,,,
Type,Data Object,,
ACTI,Activator,,
ALCH,Potion,,
APPA,Alchemy Apparatus,,
ARMO,Armor,,
BODY,Body Parts,,
BOOK,Book,,
BSGN,Birthsign,,
CELL,Cell,,
CLAS,Class,,
CLOT,Clothing,,
CONT,Container,,
CREA,Creature,,
DIAL,Dialog Topic,,
DOOR,Door,,
ENCH,Enchantment,,
Type,Data Object,,
FACT,Faction,,
GLOB,Global,,
GMST,Game Setting,,
INFO,Dialog response,,
INGR,Ingredient,,
LAND,Land,,
LEVC,Leveled Creature,,
LEVI,Leveled Item,,
LIGH,Light,,
LOCK,Lockpicking Items,,
LTEX,Land Texture,,
MGEF,Magic Effect,,
MISC,Misc. Item,,
NPC_,Non-Player Character,,
PGRD,Path grid,,
Type,Data Object,,
PROB,Probe Items,,
RACE,Race,,
REGN,Region,,
REPA,Repair Items,,
SCPT,Script,,
SKIL,Skill,,
SNDG,Sound Generator,,
SOUN,Sound,,
SPEL,Spell,,
SSCR,Start Script,,
STAT,Static,,
TES3,Tes3 Header,,
WEAP,Weapon,,
Records,,,
"Internally, the readers in both the game and the Construction Set take the approach of looping through all fields and then taking action based on the field name found. This means that fields can appear in almost any order, and unrecognized fields will be ignored. The Construction Set writes files in a specific order, though, which is described on the individual record pages. If your application is writing a mod file, it is suggested that you follow this preferred format if possible.",,,
"In addition to the fields listed on each record's page, all records support a DELE tag, indicating that a mod is deleting a record from one of its master files. This is always a uint32. It usually has a 0 value, but SSCR and CELL records can have other values; these values are unused and appear to be vestigial.",,,
Type/Size,Info,,
char[4],Record type,,
uint32,Size of data field. (Must be at least 1),,
uint32,Appears to be completely unused. May have been intended for additional flags.,,
uint32,"Flags
0x0020 = Deleted (used internally, usually flagged in files by DELE field instead)
0x0400 = Persistent reference
0x0800 = Initially disabled (only used internally, but see CELL)
0x2000 = Blocked",,
uint8[dataSize],"Data (see Fields, below)",,
Fields,,,
Type/Size,Info,,
char[4],Field type,,
uint32,Size of data field (Size of 0 is treated as 1),,
uint8[dataSize],Data (format depends on record and field type),,
,,,
Morrowind Mod:Animation Groups,,,
"The UESPWiki – Your source for The Elder Scrolls, in memory of Julian LeFay< Mod / Morrowind: Morrowind Mod: Modding",,,
"Animation group values are hardcoded into the Morrowind application and are used in the PlayGroup and LoopGroup script functions. The following table lists all the known groups as extracted from the most recent Morrowind.exe file with Tribunal installed. At some point, either an expansion or patch, the opcode values of the animation groups changed. It is assumed that older scripts using animation groups compiled in the original Construction Set will not work correctly with a newer version of the game (unconfirmed, but likely unless there is a hidden mechanism to convert the old opcodes to new and vice-versa).",,,
Animation,New Opcode,Original Opcode,
Attack1,0x83,,
Attack2,0x84,,
Attack3,0x85,,
Block Hit,0xA2,,
Block Start,0x9A,,
Block Stop,0xAA,,
BowAndArrow,0x8B,0x83,
Chop Hit,0x145,,
Chop Large Follow Start,0x16D,,
Chop Large Follow Stop,0x175,,
Chop Max Attack,0x135,,
Chop Medium Follow Start,0x15D,,
Chop Medium Follow Stop,0x165,,
Chop Min Attack,0x12D,,
Chop Min Hit,0x13D,,
Chop Small Follow Start,0x14D,,
Chop Small Follow Stop,0x155,,
Chop Start,0x125,,
Crossbow,0x8A,0x82,
Death1,0x1B,0x18,
Death2,0x1C,0x19,
Death3,0x1D,0x1A,
Death4,0x1E,0x1B,
Death5,0x1F,0x1C,
DeathKnockDown,0x20,0x1D,
DeathKnockOut,0x21,0x1E,
Equip Attach,0xA3,,
Equip Start,0x99,,
Equip Stop,0xA9,,
HandToHand,0x89,0x81,
Hit1,0x13,0x13,
Hit2,0x14,0x14,
Hit3,0x15,0x16,
Hit4,0x16,0x15,
Hit5,0x17,0x17,
idle,0x00,0x00,
idle1h,0x0A,0x0A,
idle2,0x01,0x01,
idle2c,0x0B,0x0B,
idle2w,0x0C,0x0C,
idle3,0x02,0x02,
idle4,0x03,0x03,
idle5,0x04,0x04,
idle6,0x05,0x05,
idle7,0x06,0x06,
idle8,0x07,0x07,
idle9,0x08,0x08,
idleCrossBow,0x0F,0x0F,
idlehh,0x09,0x09,
idleSneak,0x10,0x10,
idleSpell,0x0E,0x0E,
idleStorm,0x11,0x11,
idleSwim,0x0D,0x0D,
InventoryHandToHand,0x92,0x8A,
InventoryWeaponOneHand,0x93,0x8B,
InventoryWeaponTwoHand,0x94,0x8C,
InventoryWeaponTwoWide,0x95,0x8D,
Jump,0x43,0x3E,
Jump1h,0x61,0x5C,
Jump2c,0x70,0x6B,
Jump2w,0x7F,0x7A,
Jumphh,0x52,0x4D,
KnockDown,0x22,0x1F,
KnockOut,0x23,0x20,
Loop Start,0xA7,,
Loop Stop,0xAF,,
PickProbe,0x91,0x89,
RunBack,0x3C,0x37,
RunBack1h,0x5A,0x55,
RunBack2c,0x69,0x64,
RunBack2w,0x78,0x73,
RunBackhh,0x4B,0x46,
RunForward,0x3B,0x36,
RunForward1h,0x59,0x54,
RunForward2c,0x68,0x63,
RunForward2w,0x77,0x72,
RunForwardhh,0x4A,0x45,
RunLeft,0x3D,0x38,
RunLeft1h,0x5B,0x56,
RunLeft2c,0x6A,0x65,
RunLeft2w,0x79,0x74,
RunLefthh,0x4C,0x47,
RunRight1h,0x5C,0x57,
RunRight2c,0x6B,0x66,
RunRight2w,0x7A,0x75,
RunRighthh,0x4D,0x48,
Self Release,0xD4,,
Self Start,0xCC,,
Self Stop,0xDC,,
Shield,0x90,0x88,
Shoot Attach,0xD1,,
Shoot Follow Attach,0x101,,
Shoot Follow Start,0xF9,,
Shoot Follow Stop,0x109,,
Shoot Max Attack,0xE1,,
Shoot Min Attack,0xD9,,
Shoot Min Hit,0xE9,,
Shoot Release,0xF1,,
Shoot Start,0xC9,,
Slash Hit,0xED,,
Slash Large Follow Start,0x115,,
Slash Large Follow Stop,0x11D,,
Slash Max Attack,0xDD,,
Slash Medium Follow Start,0x105,,
Slash Medium Follow Stop,0x10D,,
Slash Min Attack,0xD5,,
Slash Min Hit,0xE5,,
Slash Small Follow Start,0xF5,,
Slash Small Follow Stop,0xFD,,
Slash Start,0xCD,,
SneakBack,0x40,0x3B,
SneakBack1h,0x5E,0x59,
SneakBack2c,0x6D,0x68,
SneakBack2w,0x7C,0x77,
SneakBackhh,0x4F,0x4A,
SneakForward,0x3F,0x3A,
SneakForward1h,0x5D,0x58,
SneakForward2c,0x6C,0x67,
SneakForward2w,0x7B,0x76,
SneakForwardhh,0x4E,0x49,
SneakLeft,0x41,0x3C,
SneakLeft1h,0x5F,0x5A,
SneakLeft2c,0x6E,0x69,
SneakLeft2w,0x7D,0x78,
SneakLefthh,0x50,0x4B,
SneakRight,0x42,0x3D,
SneakRight1h,0x60,0x5B,
SneakRight2c,0x6F,0x6A,
SneakRight2w,0x7E,0x79,
SneakRighthh,0x51,0x4C,
SpellCast,0x80,0x7B,
SpellTurnRight,0x82,0x7D,
SpellTurnLeft,0x81,0x7C,
Start,0x96,,
Stop,0xD3,,
SwimAttack1,0x86,,
SwimAttack2,0x87,,
SwimAttack3,0x88,,
SwimDeath,0x24,0x21,
SwimDeath2,0x25,,
SwimDeath3,0x26,,
SwimDeathKnockDown,0x27,0x22,
SwimDeathKnockOut,0x28,0x23,
SwimHit1,0x18,,
SwimHit2,0x19,,
SwimHit3,0x1A,,
SwimKnockDown,0x2A,0x25,
SwimKnockOut,0x29,0x24,
SwimRunBack,0x30,0x2B,
SwimRunForward,0x2F,0x2A,
SwimRunLeft,0x31,0x2C,
SwimRunRight,0x32,0x2D,
SwimTurnLeft,0x33,0x2E,
SwimTurnRight,0x34,0x2F,
SwimWalkBack,0x2C,0x27,
SwimWalkForward,0x2B,0x26,
SwimWalkLeft,0x2D,0x28,
SwimWalkRight,0x2E,0x29,
Target Release,0x104,,
Target Start,0xFC,,
Target Stop,0x10C,,
ThrowWeapon,0x8C,0x84,
Thrust Hit,0x19D,,
Thrust Large Follow Start,0x1C5,,
Thrust Large Follow Stop,0x1CD,,
Thrust Max Attack,0x18D,,
Thrust Medium Follow Start,0x1B5,,
Thrust Medium Follow Stop,0x1BD,,
Thrust Min Attack,0x185,,
Thrust Min Hit,0x195,,
Thrust Small Follow Start,0x1A5,,
Thrust Small Follow Stop,0x1AD,,
Thrust Start,0x17D,,
Torch,0x12,0x12,
Touch Release,0xEC,,
Touch Start,0xE4,,
Touch Stop,0xF4,,
TurnLeft,0x39,0x34,
TurnLeft1h,0x57,0x52,
TurnLeft2c,0x66,0x61,
TurnLeft2w,0x75,0x70,
TurnLefthh,0x48,0x43,
TurnRight,0x3A,0x35,
TurnRight1h,0x58,0x53,
TurnRight2c,0x67,0x62,
TurnRight2w,0x76,0x71,
TurnRighthh,0x49,0x44,
Unequip Detach,0xB9,,
Unequip Start,0xB1,,
Unequip Stop,0xC1,,
WalkBack,0x36,0x31,
WalkBack1h,0x54,0x4F,
WalkBack2c,0x63,0x5E,
WalkBack2w,0x72,0x6D,
WalkBackhh,0x45,0x40,
WalkForward,0x35,0x30,
WalkForward1h,0x53,0x4E,
WalkForward2c,0x62,0x5D,
WalkForward2w,0x71,0x6C,
WalkForwardhh,0x44,0x3F,
WalkLeft,0x37,0x32,
WalkLeft1h,0x55,0x50,
WalkLeft2c,0x64,0x5F,
WalkLeft2w,0x73,0x6E,
WalkLefthh,0x46,0x41,
WalkRight,0x38,0x33,
WalkRight1h,0x56,0x51,
WalkRight2c,0x65,0x60,
WalkRight2w,0x74,0x6F,
WalkRighthh,0x47,0x42,
WeaponOneHand,0x8D,0x85,
WeaponTwoHand,0x8E,0x86,
WeaponTwoWide,0x8F,0x87,
